2026-03-24 11:11:02 [background-preinit] INFO  o.h.validator.internal.util.Version - HV000001: Hibernate Validator 8.0.2.Final
2026-03-24 11:11:02 [restartedMain] INFO  c.c.CarrefourconnectApplication - Starting CarrefourconnectApplication using Java 17.0.15 with PID 816 (C:\Users\Darryl\Desktop\ProjetTutore\carrefourconnect\backend\target\classes started by Darryl in C:\Users\Darryl\Desktop\ProjetTutore\carrefourconnect\backend)
2026-03-24 11:11:02 [restartedMain] DEBUG c.c.CarrefourconnectApplication - Running with Spring Boot v3.4.1, Spring v6.2.1
2026-03-24 11:11:02 [restartedMain] INFO  c.c.CarrefourconnectApplication - No active profile set, falling back to 1 default profile: "default"
2026-03-24 11:11:02 [restartedMain] INFO  o.s.b.d.e.DevToolsPropertyDefaultsPostProcessor - Devtools property defaults active! Set 'spring.devtools.add-properties' to 'false' to disable
2026-03-24 11:11:02 [restartedMain] INFO  o.s.b.d.e.DevToolsPropertyDefaultsPostProcessor - For additional web related logging consider setting the 'logging.level.web' property to 'DEBUG'
2026-03-24 11:11:05 [restartedMain] INFO  o.s.d.r.c.RepositoryConfigurationDelegate - Bootstrapping Spring Data JPA repositories in DEFAULT mode.
2026-03-24 11:11:06 [restartedMain] INFO  o.s.d.r.c.RepositoryConfigurationDelegate - Finished Spring Data repository scanning in 478 ms. Found 13 JPA repository interfaces.
2026-03-24 11:11:08 [restartedMain] INFO  o.s.b.w.e.tomcat.TomcatWebServer - Tomcat initialized with port 8084 (http)
2026-03-24 11:11:08 [restartedMain] INFO  o.a.coyote.http11.Http11NioProtocol - Initializing ProtocolHandler ["http-nio-0.0.0.0-8084"]
2026-03-24 11:11:08 [restartedMain] INFO  o.a.catalina.core.StandardService - Starting service [Tomcat]
2026-03-24 11:11:08 [restartedMain] INFO  o.a.catalina.core.StandardEngine - Starting Servlet engine: [Apache Tomcat/10.1.34]
2026-03-24 11:11:08 [restartedMain] INFO  o.a.c.c.C.[Tomcat].[localhost].[/] - Initializing Spring embedded WebApplicationContext
2026-03-24 11:11:08 [restartedMain] INFO  o.s.b.w.s.c.ServletWebServerApplicationContext - Root WebApplicationContext: initialization completed in 6293 ms
2026-03-24 11:11:09 [restartedMain] INFO  o.h.jpa.internal.util.LogHelper - HHH000204: Processing PersistenceUnitInfo [name: default]
2026-03-24 11:11:09 [restartedMain] INFO  org.hibernate.Version - HHH000412: Hibernate ORM core version 6.6.4.Final
2026-03-24 11:11:09 [restartedMain] INFO  o.h.s.integration.SpatialService - HHH80000001: hibernate-spatial integration enabled : true
2026-03-24 11:11:09 [restartedMain] INFO  o.h.c.i.RegionFactoryInitiator - HHH000026: Second-level cache disabled
2026-03-24 11:11:10 [restartedMain] INFO  com.zaxxer.hikari.HikariDataSource - HikariPool-1 - Starting...
2026-03-24 11:11:10 [restartedMain] INFO  com.zaxxer.hikari.pool.HikariPool - HikariPool-1 - Added connection org.postgresql.jdbc.PgConnection@23e7d4f9
2026-03-24 11:11:10 [restartedMain] INFO  com.zaxxer.hikari.HikariDataSource - HikariPool-1 - Start completed.
2026-03-24 11:11:11 [restartedMain] WARN  org.hibernate.orm.deprecation - HHH90000025: PostgreSQLDialect does not need to be specified explicitly using 'hibernate.dialect' (remove the property setting and it will be selected by default)
2026-03-24 11:11:11 [restartedMain] INFO  o.hibernate.orm.connections.pooling - HHH10001005: Database info:
	Database JDBC URL [Connecting through datasource 'HikariDataSource (HikariPool-1)']
	Database driver: undefined/unknown
	Database version: 17.4
	Autocommit mode: undefined/unknown
	Isolation level: undefined/unknown
	Minimum pool size: undefined/unknown
	Maximum pool size: undefined/unknown
2026-03-24 11:11:11 [restartedMain] INFO  org.hibernate.spatial - HHH80000003: hibernate-spatial adding type contributions from : org.hibernate.spatial.dialect.postgis.PostgisDialectContributor
2026-03-24 11:11:11 [restartedMain] INFO  o.s.o.j.p.SpringPersistenceUnitInfo - No LoadTimeWeaver setup: ignoring JPA class transformer
2026-03-24 11:11:11 [restartedMain] INFO  org.hibernate.spatial - HHH80000003: hibernate-spatial adding type contributions from : org.hibernate.spatial.dialect.postgis.PostgisDialectContributor
2026-03-24 11:11:12 [restartedMain] INFO  org.hibernate.spatial - HHH80000004: hibernate-spatial adding function contributions from : org.hibernate.spatial.dialect.postgis.PostgisDialectContributor
2026-03-24 11:11:14 [restartedMain] INFO  o.h.e.t.j.p.i.JtaPlatformInitiator - HHH000489: No JTA platform available (set 'hibernate.transaction.jta.platform' to enable JTA platform integration)
2026-03-24 11:11:14 [restartedMain] ERROR o.s.o.j.LocalContainerEntityManagerFactoryBean - Failed to initialize JPA EntityManagerFactory: [PersistenceUnit: default] Unable to build Hibernate SessionFactory; nested exception is org.hibernate.tool.schema.spi.SchemaManagementException: Schema-validation: missing column [heurefermeture] in table [commerce]
2026-03-24 11:11:14 [restartedMain] ERROR o.s.b.w.e.tomcat.TomcatStarter - Error starting Tomcat context. Exception: org.springframework.beans.factory.UnsatisfiedDependencyException. Message: Error creating bean with name 'securityConfig': Unsatisfied dependency expressed through field 'userDetailsService': Error creating bean with name 'userDetailsServiceImpl': Unsatisfied dependency expressed through field 'utilisateurRepository': Error creating bean with name 'utilisateurRepository' defined in com.carrefourconnect.repositories.UtilisateurRepository defined in @EnableJpaRepositories declared on JpaRepositoriesRegistrar.EnableJpaRepositoriesConfiguration: Cannot resolve reference to bean 'jpaSharedEM_entityManagerFactory' while setting bean property 'entityManager'
2026-03-24 11:11:15 [restartedMain] INFO  o.a.catalina.core.StandardService - Stopping service [Tomcat]
2026-03-24 11:11:15 [restartedMain] WARN  o.a.c.loader.WebappClassLoaderBase - The web application [ROOT] appears to have started a thread named [HikariPool-1 housekeeper] but has failed to stop it. This is very likely to create a memory leak. Stack trace of thread:
 java.base@17.0.15/jdk.internal.misc.Unsafe.park(Native Method)
 java.base@17.0.15/java.util.concurrent.locks.LockSupport.parkNanos(LockSupport.java:252)
 java.base@17.0.15/java.util.concurrent.locks.AbstractQueuedSynchronizer$ConditionObject.awaitNanos(AbstractQueuedSynchronizer.java:1672)
 java.base@17.0.15/java.util.concurrent.ScheduledThreadPoolExecutor$DelayedWorkQueue.take(ScheduledThreadPoolExecutor.java:1182)
 java.base@17.0.15/java.util.concurrent.ScheduledThreadPoolExecutor$DelayedWorkQueue.take(ScheduledThreadPoolExecutor.java:899)
 java.base@17.0.15/java.util.concurrent.ThreadPoolExecutor.getTask(ThreadPoolExecutor.java:1062)
 java.base@17.0.15/java.util.concurrent.ThreadPoolExecutor.runWorker(ThreadPoolExecutor.java:1122)
 java.base@17.0.15/java.util.concurrent.ThreadPoolExecutor$Worker.run(ThreadPoolExecutor.java:635)
 java.base@17.0.15/java.lang.Thread.run(Thread.java:842)
2026-03-24 11:11:15 [restartedMain] WARN  o.a.c.loader.WebappClassLoaderBase - The web application [ROOT] appears to have started a thread named [HikariPool-1 connection adder] but has failed to stop it. This is very likely to create a memory leak. Stack trace of thread:
 java.base@17.0.15/jdk.internal.misc.Unsafe.park(Native Method)
 java.base@17.0.15/java.util.concurrent.locks.LockSupport.parkNanos(LockSupport.java:252)
 java.base@17.0.15/java.util.concurrent.locks.AbstractQueuedSynchronizer$ConditionObject.awaitNanos(AbstractQueuedSynchronizer.java:1672)
 java.base@17.0.15/java.util.concurrent.LinkedBlockingQueue.poll(LinkedBlockingQueue.java:460)
 java.base@17.0.15/java.util.concurrent.ThreadPoolExecutor.getTask(ThreadPoolExecutor.java:1061)
 java.base@17.0.15/java.util.concurrent.ThreadPoolExecutor.runWorker(ThreadPoolExecutor.java:1122)
 java.base@17.0.15/java.util.concurrent.ThreadPoolExecutor$Worker.run(ThreadPoolExecutor.java:635)
 java.base@17.0.15/java.lang.Thread.run(Thread.java:842)
2026-03-24 11:11:15 [restartedMain] WARN  o.s.b.w.s.c.AnnotationConfigServletWebServerApplicationContext - Exception encountered during context initialization - cancelling refresh attempt: org.springframework.context.ApplicationContextException: Unable to start web server
2026-03-24 11:11:15 [restartedMain] INFO  com.zaxxer.hikari.HikariDataSource - HikariPool-1 - Shutdown initiated...
2026-03-24 11:11:15 [restartedMain] INFO  com.zaxxer.hikari.HikariDataSource - HikariPool-1 - Shutdown completed.
2026-03-24 11:11:15 [restartedMain] INFO  o.s.b.a.l.ConditionEvaluationReportLogger - 

Error starting ApplicationContext. To display the condition evaluation report re-run your application with 'debug' enabled.
2026-03-24 11:11:15 [restartedMain] ERROR o.s.boot.SpringApplication - Application run failed
org.springframework.context.ApplicationContextException: Unable to start web server
	at org.springframework.boot.web.servlet.context.ServletWebServerApplicationContext.onRefresh(ServletWebServerApplicationContext.java:165)
	at org.springframework.context.support.AbstractApplicationContext.refresh(AbstractApplicationContext.java:621)
	at org.springframework.boot.web.servlet.context.ServletWebServerApplicationContext.refresh(ServletWebServerApplicationContext.java:146)
	at org.springframework.boot.SpringApplication.refresh(SpringApplication.java:752)
	at org.springframework.boot.SpringApplication.refreshContext(SpringApplication.java:439)
	at org.springframework.boot.SpringApplication.run(SpringApplication.java:318)
	at org.springframework.boot.SpringApplication.run(SpringApplication.java:1361)
	at org.springframework.boot.SpringApplication.run(SpringApplication.java:1350)
	at com.carrefourconnect.CarrefourconnectApplication.main(CarrefourconnectApplication.java:10)
	at java.base/jdk.internal.reflect.NativeMethodAccessorImpl.invoke0(Native Method)
	at java.base/jdk.internal.reflect.NativeMethodAccessorImpl.invoke(NativeMethodAccessorImpl.java:77)
	at java.base/jdk.internal.reflect.DelegatingMethodAccessorImpl.invoke(DelegatingMethodAccessorImpl.java:43)
	at java.base/java.lang.reflect.Method.invoke(Method.java:568)
	at org.springframework.boot.devtools.restart.RestartLauncher.run(RestartLauncher.java:50)
Caused by: org.springframework.boot.web.server.WebServerException: Unable to start embedded Tomcat
	at org.springframework.boot.web.embedded.tomcat.TomcatWebServer.initialize(TomcatWebServer.java:147)
	at org.springframework.boot.web.embedded.tomcat.TomcatWebServer.<init>(TomcatWebServer.java:107)
	at org.springframework.boot.web.embedded.tomcat.TomcatServletWebServerFactory.getTomcatWebServer(TomcatServletWebServerFactory.java:516)
	at org.springframework.boot.web.embedded.tomcat.TomcatServletWebServerFactory.getWebServer(TomcatServletWebServerFactory.java:222)
	at org.springframework.boot.web.servlet.context.ServletWebServerApplicationContext.createWebServer(ServletWebServerApplicationContext.java:188)
	at org.springframework.boot.web.servlet.context.ServletWebServerApplicationContext.onRefresh(ServletWebServerApplicationContext.java:162)
	... 13 common frames omitted
Caused by: org.springframework.beans.factory.UnsatisfiedDependencyException: Error creating bean with name 'securityConfig': Unsatisfied dependency expressed through field 'userDetailsService': Error creating bean with name 'userDetailsServiceImpl': Unsatisfied dependency expressed through field 'utilisateurRepository': Error creating bean with name 'utilisateurRepository' defined in com.carrefourconnect.repositories.UtilisateurRepository defined in @EnableJpaRepositories declared on JpaRepositoriesRegistrar.EnableJpaRepositoriesConfiguration: Cannot resolve reference to bean 'jpaSharedEM_entityManagerFactory' while setting bean property 'entityManager'
	at org.springframework.beans.factory.annotation.AutowiredAnnotationBeanPostProcessor$AutowiredFieldElement.resolveFieldValue(AutowiredAnnotationBeanPostProcessor.java:788)
	at org.springframework.beans.factory.annotation.AutowiredAnnotationBeanPostProcessor$AutowiredFieldElement.inject(AutowiredAnnotationBeanPostProcessor.java:768)
	at org.springframework.beans.factory.annotation.InjectionMetadata.inject(InjectionMetadata.java:146)
	at org.springframework.beans.factory.annotation.AutowiredAnnotationBeanPostProcessor.postProcessProperties(AutowiredAnnotationBeanPostProcessor.java:509)
	at org.springframework.beans.factory.support.AbstractAutowireCapableBeanFactory.populateBean(AbstractAutowireCapableBeanFactory.java:1441)
	at org.springframework.beans.factory.support.AbstractAutowireCapableBeanFactory.doCreateBean(AbstractAutowireCapableBeanFactory.java:600)
	at org.springframework.beans.factory.support.AbstractAutowireCapableBeanFactory.createBean(AbstractAutowireCapableBeanFactory.java:523)
	at org.springframework.beans.factory.support.AbstractBeanFactory.lambda$doGetBean$0(AbstractBeanFactory.java:336)
	at org.springframework.beans.factory.support.DefaultSingletonBeanRegistry.getSingleton(DefaultSingletonBeanRegistry.java:289)
	at org.springframework.beans.factory.support.AbstractBeanFactory.doGetBean(AbstractBeanFactory.java:334)
	at org.springframework.beans.factory.support.AbstractBeanFactory.getBean(AbstractBeanFactory.java:199)
	at org.springframework.beans.factory.support.ConstructorResolver.instantiateUsingFactoryMethod(ConstructorResolver.java:413)
	at org.springframework.beans.factory.support.AbstractAutowireCapableBeanFactory.instantiateUsingFactoryMethod(AbstractAutowireCapableBeanFactory.java:1357)
	at org.springframework.beans.factory.support.AbstractAutowireCapableBeanFactory.createBeanInstance(AbstractAutowireCapableBeanFactory.java:1187)
	at org.springframework.beans.factory.support.AbstractAutowireCapableBeanFactory.doCreateBean(AbstractAutowireCapableBeanFactory.java:563)
	at org.springframework.beans.factory.support.AbstractAutowireCapableBeanFactory.createBean(AbstractAutowireCapableBeanFactory.java:523)
	at org.springframework.beans.factory.support.AbstractBeanFactory.lambda$doGetBean$0(AbstractBeanFactory.java:336)
	at org.springframework.beans.factory.support.DefaultSingletonBeanRegistry.getSingleton(DefaultSingletonBeanRegistry.java:289)
	at org.springframework.beans.factory.support.AbstractBeanFactory.doGetBean(AbstractBeanFactory.java:334)
	at org.springframework.beans.factory.support.AbstractBeanFactory.getBean(AbstractBeanFactory.java:204)
	at org.springframework.boot.web.servlet.ServletContextInitializerBeans.getOrderedBeansOfType(ServletContextInitializerBeans.java:211)
	at org.springframework.boot.web.servlet.ServletContextInitializerBeans.addAsRegistrationBean(ServletContextInitializerBeans.java:174)
	at org.springframework.boot.web.servlet.ServletContextInitializerBeans.addAsRegistrationBean(ServletContextInitializerBeans.java:169)
	at org.springframework.boot.web.servlet.ServletContextInitializerBeans.addAdaptableBeans(ServletContextInitializerBeans.java:154)
	at org.springframework.boot.web.servlet.ServletContextInitializerBeans.<init>(ServletContextInitializerBeans.java:87)
	at org.springframework.boot.web.servlet.context.ServletWebServerApplicationContext.getServletContextInitializerBeans(ServletWebServerApplicationContext.java:266)
	at org.springframework.boot.web.servlet.context.ServletWebServerApplicationContext.selfInitialize(ServletWebServerApplicationContext.java:240)
	at org.springframework.boot.web.embedded.tomcat.TomcatStarter.onStartup(TomcatStarter.java:52)
	at org.apache.catalina.core.StandardContext.startInternal(StandardContext.java:4426)
	at org.apache.catalina.util.LifecycleBase.start(LifecycleBase.java:164)
	at org.apache.catalina.core.ContainerBase$StartChild.call(ContainerBase.java:1203)
	at org.apache.catalina.core.ContainerBase$StartChild.call(ContainerBase.java:1193)
	at java.base/java.util.concurrent.FutureTask.run(FutureTask.java:264)
	at org.apache.tomcat.util.threads.InlineExecutorService.execute(InlineExecutorService.java:75)
	at java.base/java.util.concurrent.AbstractExecutorService.submit(AbstractExecutorService.java:145)
	at org.apache.catalina.core.ContainerBase.startInternal(ContainerBase.java:749)
	at org.apache.catalina.core.StandardHost.startInternal(StandardHost.java:772)
	at org.apache.catalina.util.LifecycleBase.start(LifecycleBase.java:164)
	at org.apache.catalina.core.ContainerBase$StartChild.call(ContainerBase.java:1203)
	at org.apache.catalina.core.ContainerBase$StartChild.call(ContainerBase.java:1193)
	at java.base/java.util.concurrent.FutureTask.run(FutureTask.java:264)
	at org.apache.tomcat.util.threads.InlineExecutorService.execute(InlineExecutorService.java:75)
	at java.base/java.util.concurrent.AbstractExecutorService.submit(AbstractExecutorService.java:145)
	at org.apache.catalina.core.ContainerBase.startInternal(ContainerBase.java:749)
	at org.apache.catalina.core.StandardEngine.startInternal(StandardEngine.java:203)
	at org.apache.catalina.util.LifecycleBase.start(LifecycleBase.java:164)
	at org.apache.catalina.core.StandardService.startInternal(StandardService.java:415)
	at org.apache.catalina.util.LifecycleBase.start(LifecycleBase.java:164)
	at org.apache.catalina.core.StandardServer.startInternal(StandardServer.java:870)
	at org.apache.catalina.util.LifecycleBase.start(LifecycleBase.java:164)
	at org.apache.catalina.startup.Tomcat.start(Tomcat.java:437)
	at org.springframework.boot.web.embedded.tomcat.TomcatWebServer.initialize(TomcatWebServer.java:128)
	... 18 common frames omitted
Caused by: org.springframework.beans.factory.UnsatisfiedDependencyException: Error creating bean with name 'userDetailsServiceImpl': Unsatisfied dependency expressed through field 'utilisateurRepository': Error creating bean with name 'utilisateurRepository' defined in com.carrefourconnect.repositories.UtilisateurRepository defined in @EnableJpaRepositories declared on JpaRepositoriesRegistrar.EnableJpaRepositoriesConfiguration: Cannot resolve reference to bean 'jpaSharedEM_entityManagerFactory' while setting bean property 'entityManager'
	at org.springframework.beans.factory.annotation.AutowiredAnnotationBeanPostProcessor$AutowiredFieldElement.resolveFieldValue(AutowiredAnnotationBeanPostProcessor.java:788)
	at org.springframework.beans.factory.annotation.AutowiredAnnotationBeanPostProcessor$AutowiredFieldElement.inject(AutowiredAnnotationBeanPostProcessor.java:768)
	at org.springframework.beans.factory.annotation.InjectionMetadata.inject(InjectionMetadata.java:146)
	at org.springframework.beans.factory.annotation.AutowiredAnnotationBeanPostProcessor.postProcessProperties(AutowiredAnnotationBeanPostProcessor.java:509)
	at org.springframework.beans.factory.support.AbstractAutowireCapableBeanFactory.populateBean(AbstractAutowireCapableBeanFactory.java:1441)
	at org.springframework.beans.factory.support.AbstractAutowireCapableBeanFactory.doCreateBean(AbstractAutowireCapableBeanFactory.java:600)
	at org.springframework.beans.factory.support.AbstractAutowireCapableBeanFactory.createBean(AbstractAutowireCapableBeanFactory.java:523)
	at org.springframework.beans.factory.support.AbstractBeanFactory.lambda$doGetBean$0(AbstractBeanFactory.java:336)
	at org.springframework.beans.factory.support.DefaultSingletonBeanRegistry.getSingleton(DefaultSingletonBeanRegistry.java:289)
	at org.springframework.beans.factory.support.AbstractBeanFactory.doGetBean(AbstractBeanFactory.java:334)
	at org.springframework.beans.factory.support.AbstractBeanFactory.getBean(AbstractBeanFactory.java:199)
	at org.springframework.beans.factory.config.DependencyDescriptor.resolveCandidate(DependencyDescriptor.java:254)
	at org.springframework.beans.factory.support.DefaultListableBeanFactory.doResolveDependency(DefaultListableBeanFactory.java:1631)
	at org.springframework.beans.factory.support.DefaultListableBeanFactory.resolveDependency(DefaultListableBeanFactory.java:1519)
	at org.springframework.beans.factory.annotation.AutowiredAnnotationBeanPostProcessor$AutowiredFieldElement.resolveFieldValue(AutowiredAnnotationBeanPostProcessor.java:785)
	... 69 common frames omitted
Caused by: org.springframework.beans.factory.BeanCreationException: Error creating bean with name 'utilisateurRepository' defined in com.carrefourconnect.repositories.UtilisateurRepository defined in @EnableJpaRepositories declared on JpaRepositoriesRegistrar.EnableJpaRepositoriesConfiguration: Cannot resolve reference to bean 'jpaSharedEM_entityManagerFactory' while setting bean property 'entityManager'
	at org.springframework.beans.factory.support.BeanDefinitionValueResolver.resolveReference(BeanDefinitionValueResolver.java:377)
	at org.springframework.beans.factory.support.BeanDefinitionValueResolver.resolveValueIfNecessary(BeanDefinitionValueResolver.java:135)
	at org.springframework.beans.factory.support.AbstractAutowireCapableBeanFactory.applyPropertyValues(AbstractAutowireCapableBeanFactory.java:1707)
	at org.springframework.beans.factory.support.AbstractAutowireCapableBeanFactory.populateBean(AbstractAutowireCapableBeanFactory.java:1456)
	at org.springframework.beans.factory.support.AbstractAutowireCapableBeanFactory.doCreateBean(AbstractAutowireCapableBeanFactory.java:600)
	at org.springframework.beans.factory.support.AbstractAutowireCapableBeanFactory.createBean(AbstractAutowireCapableBeanFactory.java:523)
	at org.springframework.beans.factory.support.AbstractBeanFactory.lambda$doGetBean$0(AbstractBeanFactory.java:336)
	at org.springframework.beans.factory.support.DefaultSingletonBeanRegistry.getSingleton(DefaultSingletonBeanRegistry.java:289)
	at org.springframework.beans.factory.support.AbstractBeanFactory.doGetBean(AbstractBeanFactory.java:334)
	at org.springframework.beans.factory.support.AbstractBeanFactory.getBean(AbstractBeanFactory.java:199)
	at org.springframework.beans.factory.support.DefaultListableBeanFactory.doResolveDependency(DefaultListableBeanFactory.java:1573)
	at org.springframework.beans.factory.support.DefaultListableBeanFactory.resolveDependency(DefaultListableBeanFactory.java:1519)
	at org.springframework.beans.factory.annotation.AutowiredAnnotationBeanPostProcessor$AutowiredFieldElement.resolveFieldValue(AutowiredAnnotationBeanPostProcessor.java:785)
	... 83 common frames omitted
Caused by: org.springframework.beans.factory.BeanCreationException: Error creating bean with name 'jpaSharedEM_entityManagerFactory': Cannot resolve reference to bean 'entityManagerFactory' while setting constructor argument
	at org.springframework.beans.factory.support.BeanDefinitionValueResolver.resolveReference(BeanDefinitionValueResolver.java:377)
	at org.springframework.beans.factory.support.BeanDefinitionValueResolver.resolveValueIfNecessary(BeanDefinitionValueResolver.java:135)
	at org.springframework.beans.factory.support.ConstructorResolver.resolveConstructorArguments(ConstructorResolver.java:691)
	at org.springframework.beans.factory.support.ConstructorResolver.instantiateUsingFactoryMethod(ConstructorResolver.java:513)
	at org.springframework.beans.factory.support.AbstractAutowireCapableBeanFactory.instantiateUsingFactoryMethod(AbstractAutowireCapableBeanFactory.java:1357)
	at org.springframework.beans.factory.support.AbstractAutowireCapableBeanFactory.createBeanInstance(AbstractAutowireCapableBeanFactory.java:1187)
	at org.springframework.beans.factory.support.AbstractAutowireCapableBeanFactory.doCreateBean(AbstractAutowireCapableBeanFactory.java:563)
	at org.springframework.beans.factory.support.AbstractAutowireCapableBeanFactory.createBean(AbstractAutowireCapableBeanFactory.java:523)
	at org.springframework.beans.factory.support.AbstractBeanFactory.lambda$doGetBean$0(AbstractBeanFactory.java:336)
	at org.springframework.beans.factory.support.DefaultSingletonBeanRegistry.getSingleton(DefaultSingletonBeanRegistry.java:289)
	at org.springframework.beans.factory.support.AbstractBeanFactory.doGetBean(AbstractBeanFactory.java:334)
	at org.springframework.beans.factory.support.AbstractBeanFactory.getBean(AbstractBeanFactory.java:199)
	at org.springframework.beans.factory.support.BeanDefinitionValueResolver.resolveReference(BeanDefinitionValueResolver.java:365)
	... 95 common frames omitted
Caused by: org.springframework.beans.factory.BeanCreationException: Error creating bean with name 'entityManagerFactory' defined in class path resource [org/springframework/boot/autoconfigure/orm/jpa/HibernateJpaConfiguration.class]: [PersistenceUnit: default] Unable to build Hibernate SessionFactory; nested exception is org.hibernate.tool.schema.spi.SchemaManagementException: Schema-validation: missing column [heurefermeture] in table [commerce]
	at org.springframework.beans.factory.support.AbstractAutowireCapableBeanFactory.initializeBean(AbstractAutowireCapableBeanFactory.java:1808)
	at org.springframework.beans.factory.support.AbstractAutowireCapableBeanFactory.doCreateBean(AbstractAutowireCapableBeanFactory.java:601)
	at org.springframework.beans.factory.support.AbstractAutowireCapableBeanFactory.createBean(AbstractAutowireCapableBeanFactory.java:523)
	at org.springframework.beans.factory.support.AbstractBeanFactory.lambda$doGetBean$0(AbstractBeanFactory.java:336)
	at org.springframework.beans.factory.support.DefaultSingletonBeanRegistry.getSingleton(DefaultSingletonBeanRegistry.java:289)
	at org.springframework.beans.factory.support.AbstractBeanFactory.doGetBean(AbstractBeanFactory.java:334)
	at org.springframework.beans.factory.support.AbstractBeanFactory.getBean(AbstractBeanFactory.java:199)
	at org.springframework.beans.factory.support.BeanDefinitionValueResolver.resolveReference(BeanDefinitionValueResolver.java:365)
	... 107 common frames omitted
Caused by: jakarta.persistence.PersistenceException: [PersistenceUnit: default] Unable to build Hibernate SessionFactory; nested exception is org.hibernate.tool.schema.spi.SchemaManagementException: Schema-validation: missing column [heurefermeture] in table [commerce]
	at org.springframework.orm.jpa.AbstractEntityManagerFactoryBean.buildNativeEntityManagerFactory(AbstractEntityManagerFactoryBean.java:431)
	at org.springframework.orm.jpa.AbstractEntityManagerFactoryBean.afterPropertiesSet(AbstractEntityManagerFactoryBean.java:400)
	at org.springframework.orm.jpa.LocalContainerEntityManagerFactoryBean.afterPropertiesSet(LocalContainerEntityManagerFactoryBean.java:366)
	at org.springframework.beans.factory.support.AbstractAutowireCapableBeanFactory.invokeInitMethods(AbstractAutowireCapableBeanFactory.java:1855)
	at org.springframework.beans.factory.support.AbstractAutowireCapableBeanFactory.initializeBean(AbstractAutowireCapableBeanFactory.java:1804)
	... 114 common frames omitted
Caused by: org.hibernate.tool.schema.spi.SchemaManagementException: Schema-validation: missing column [heurefermeture] in table [commerce]
	at org.hibernate.tool.schema.internal.AbstractSchemaValidator.validateTable(AbstractSchemaValidator.java:149)
	at org.hibernate.tool.schema.internal.GroupedSchemaValidatorImpl.validateTables(GroupedSchemaValidatorImpl.java:46)
	at org.hibernate.tool.schema.internal.AbstractSchemaValidator.performValidation(AbstractSchemaValidator.java:99)
	at org.hibernate.tool.schema.internal.AbstractSchemaValidator.doValidation(AbstractSchemaValidator.java:77)
	at org.hibernate.tool.schema.spi.SchemaManagementToolCoordinator.performDatabaseAction(SchemaManagementToolCoordinator.java:289)
	at org.hibernate.tool.schema.spi.SchemaManagementToolCoordinator.lambda$process$5(SchemaManagementToolCoordinator.java:144)
	at java.base/java.util.HashMap.forEach(HashMap.java:1421)
	at org.hibernate.tool.schema.spi.SchemaManagementToolCoordinator.process(SchemaManagementToolCoordinator.java:141)
	at org.hibernate.boot.internal.SessionFactoryObserverForSchemaExport.sessionFactoryCreated(SessionFactoryObserverForSchemaExport.java:37)
	at org.hibernate.internal.SessionFactoryObserverChain.sessionFactoryCreated(SessionFactoryObserverChain.java:35)
	at org.hibernate.internal.SessionFactoryImpl.<init>(SessionFactoryImpl.java:324)
	at org.hibernate.boot.internal.SessionFactoryBuilderImpl.build(SessionFactoryBuilderImpl.java:463)
	at org.hibernate.jpa.boot.internal.EntityManagerFactoryBuilderImpl.build(EntityManagerFactoryBuilderImpl.java:1506)
	at org.springframework.orm.jpa.vendor.SpringHibernateJpaPersistenceProvider.createContainerEntityManagerFactory(SpringHibernateJpaPersistenceProvider.java:66)
	at org.springframework.orm.jpa.LocalContainerEntityManagerFactoryBean.createNativeEntityManagerFactory(LocalContainerEntityManagerFactoryBean.java:390)
	at org.springframework.orm.jpa.AbstractEntityManagerFactoryBean.buildNativeEntityManagerFactory(AbstractEntityManagerFactoryBean.java:419)
	... 118 common frames omitted
2026-03-24 11:14:27 [background-preinit] INFO  o.h.validator.internal.util.Version - HV000001: Hibernate Validator 8.0.2.Final
2026-03-24 11:14:27 [restartedMain] INFO  c.c.CarrefourconnectApplication - Starting CarrefourconnectApplication using Java 17.0.15 with PID 7148 (C:\Users\Darryl\Desktop\ProjetTutore\carrefourconnect\backend\target\classes started by Darryl in C:\Users\Darryl\Desktop\ProjetTutore\carrefourconnect\backend)
2026-03-24 11:14:27 [restartedMain] DEBUG c.c.CarrefourconnectApplication - Running with Spring Boot v3.4.1, Spring v6.2.1
2026-03-24 11:14:27 [restartedMain] INFO  c.c.CarrefourconnectApplication - No active profile set, falling back to 1 default profile: "default"
2026-03-24 11:14:27 [restartedMain] INFO  o.s.b.d.e.DevToolsPropertyDefaultsPostProcessor - Devtools property defaults active! Set 'spring.devtools.add-properties' to 'false' to disable
2026-03-24 11:14:27 [restartedMain] INFO  o.s.b.d.e.DevToolsPropertyDefaultsPostProcessor - For additional web related logging consider setting the 'logging.level.web' property to 'DEBUG'
2026-03-24 11:14:31 [restartedMain] INFO  o.s.d.r.c.RepositoryConfigurationDelegate - Bootstrapping Spring Data JPA repositories in DEFAULT mode.
2026-03-24 11:14:31 [restartedMain] INFO  o.s.d.r.c.RepositoryConfigurationDelegate - Finished Spring Data repository scanning in 536 ms. Found 13 JPA repository interfaces.
2026-03-24 11:14:34 [restartedMain] INFO  o.s.b.w.e.tomcat.TomcatWebServer - Tomcat initialized with port 8084 (http)
2026-03-24 11:14:34 [restartedMain] INFO  o.a.coyote.http11.Http11NioProtocol - Initializing ProtocolHandler ["http-nio-0.0.0.0-8084"]
2026-03-24 11:14:34 [restartedMain] INFO  o.a.catalina.core.StandardService - Starting service [Tomcat]
2026-03-24 11:14:34 [restartedMain] INFO  o.a.catalina.core.StandardEngine - Starting Servlet engine: [Apache Tomcat/10.1.34]
2026-03-24 11:14:34 [restartedMain] INFO  o.a.c.c.C.[Tomcat].[localhost].[/] - Initializing Spring embedded WebApplicationContext
2026-03-24 11:14:34 [restartedMain] INFO  o.s.b.w.s.c.ServletWebServerApplicationContext - Root WebApplicationContext: initialization completed in 6458 ms
2026-03-24 11:14:35 [restartedMain] INFO  o.h.jpa.internal.util.LogHelper - HHH000204: Processing PersistenceUnitInfo [name: default]
2026-03-24 11:14:35 [restartedMain] INFO  org.hibernate.Version - HHH000412: Hibernate ORM core version 6.6.4.Final
2026-03-24 11:14:35 [restartedMain] INFO  o.h.s.integration.SpatialService - HHH80000001: hibernate-spatial integration enabled : true
2026-03-24 11:14:35 [restartedMain] INFO  o.h.c.i.RegionFactoryInitiator - HHH000026: Second-level cache disabled
2026-03-24 11:14:35 [restartedMain] INFO  com.zaxxer.hikari.HikariDataSource - HikariPool-1 - Starting...
2026-03-24 11:14:36 [restartedMain] INFO  com.zaxxer.hikari.pool.HikariPool - HikariPool-1 - Added connection org.postgresql.jdbc.PgConnection@6d9a6c30
2026-03-24 11:14:36 [restartedMain] INFO  com.zaxxer.hikari.HikariDataSource - HikariPool-1 - Start completed.
2026-03-24 11:14:36 [restartedMain] WARN  org.hibernate.orm.deprecation - HHH90000025: PostgreSQLDialect does not need to be specified explicitly using 'hibernate.dialect' (remove the property setting and it will be selected by default)
2026-03-24 11:14:36 [restartedMain] INFO  o.hibernate.orm.connections.pooling - HHH10001005: Database info:
	Database JDBC URL [Connecting through datasource 'HikariDataSource (HikariPool-1)']
	Database driver: undefined/unknown
	Database version: 17.4
	Autocommit mode: undefined/unknown
	Isolation level: undefined/unknown
	Minimum pool size: undefined/unknown
	Maximum pool size: undefined/unknown
2026-03-24 11:14:36 [restartedMain] INFO  org.hibernate.spatial - HHH80000003: hibernate-spatial adding type contributions from : org.hibernate.spatial.dialect.postgis.PostgisDialectContributor
2026-03-24 11:14:36 [restartedMain] INFO  o.s.o.j.p.SpringPersistenceUnitInfo - No LoadTimeWeaver setup: ignoring JPA class transformer
2026-03-24 11:14:36 [restartedMain] INFO  org.hibernate.spatial - HHH80000003: hibernate-spatial adding type contributions from : org.hibernate.spatial.dialect.postgis.PostgisDialectContributor
2026-03-24 11:14:38 [restartedMain] INFO  org.hibernate.spatial - HHH80000004: hibernate-spatial adding function contributions from : org.hibernate.spatial.dialect.postgis.PostgisDialectContributor
2026-03-24 11:14:39 [restartedMain] INFO  o.h.e.t.j.p.i.JtaPlatformInitiator - HHH000489: No JTA platform available (set 'hibernate.transaction.jta.platform' to enable JTA platform integration)
2026-03-24 11:14:40 [restartedMain] INFO  o.s.o.j.LocalContainerEntityManagerFactoryBean - Initialized JPA EntityManagerFactory for persistence unit 'default'
2026-03-24 11:14:41 [restartedMain] DEBUG c.c.security.JwtAuthenticationFilter - Filter 'authenticationJwtTokenFilter' configured for use
2026-03-24 11:14:41 [restartedMain] INFO  o.s.s.c.a.a.c.InitializeAuthenticationProviderBeanManagerConfigurer$InitializeAuthenticationProviderManagerConfigurer - Global AuthenticationManager configured with AuthenticationProvider bean with name authenticationProvider
2026-03-24 11:14:41 [restartedMain] WARN  o.s.s.c.a.a.c.InitializeUserDetailsBeanManagerConfigurer$InitializeUserDetailsManagerConfigurer - Global AuthenticationManager configured with an AuthenticationProvider bean. UserDetailsService beans will not be used by Spring Security for automatically configuring username/password login. Consider removing the AuthenticationProvider bean. Alternatively, consider using the UserDetailsService in a manually instantiated DaoAuthenticationProvider. If the current configuration is intentional, to turn off this warning, increase the logging level of 'org.springframework.security.config.annotation.authentication.configuration.InitializeUserDetailsBeanManagerConfigurer' to ERROR
2026-03-24 11:14:42 [restartedMain] INFO  o.s.d.j.r.query.QueryEnhancerFactory - Hibernate is in classpath; If applicable, HQL parser will be used.
2026-03-24 11:14:44 [restartedMain] WARN  o.s.b.a.o.j.JpaBaseConfiguration$JpaWebConfiguration - spring.jpa.open-in-view is enabled by default. Therefore, database queries may be performed during view rendering. Explicitly configure spring.jpa.open-in-view to disable this warning
2026-03-24 11:14:45 [restartedMain] INFO  o.s.b.a.e.web.EndpointLinksResolver - Exposing 1 endpoint beneath base path '/actuator'
2026-03-24 11:14:46 [restartedMain] WARN  o.s.b.a.t.ThymeleafAutoConfiguration$DefaultTemplateResolverConfiguration - Cannot find template location: classpath:/templates/ (please add some templates, check your Thymeleaf configuration, or set spring.thymeleaf.check-template-location=false)
2026-03-24 11:14:47 [restartedMain] INFO  o.s.b.d.a.OptionalLiveReloadServer - LiveReload server is running on port 35729
2026-03-24 11:14:48 [restartedMain] INFO  o.a.coyote.http11.Http11NioProtocol - Starting ProtocolHandler ["http-nio-0.0.0.0-8084"]
2026-03-24 11:14:48 [restartedMain] INFO  o.s.b.w.e.tomcat.TomcatWebServer - Tomcat started on port 8084 (http) with context path '/'
2026-03-24 11:14:48 [restartedMain] INFO  c.c.CarrefourconnectApplication - Started CarrefourconnectApplication in 21.33 seconds (process running for 22.004)
2026-03-24 11:27:59 [http-nio-0.0.0.0-8084-exec-3] INFO  o.a.c.c.C.[Tomcat].[localhost].[/] - Initializing Spring DispatcherServlet 'dispatcherServlet'
2026-03-24 11:27:59 [http-nio-0.0.0.0-8084-exec-3] INFO  o.s.web.servlet.DispatcherServlet - Initializing Servlet 'dispatcherServlet'
2026-03-24 11:27:59 [http-nio-0.0.0.0-8084-exec-3] INFO  o.s.web.servlet.DispatcherServlet - Completed initialization in 322 ms
2026-03-24 11:28:00 [http-nio-0.0.0.0-8084-exec-3] ERROR c.c.security.AuthEntryPointJwt - Erreur d'accès non autorisé : Full authentication is required to access this resource
2026-03-24 11:35:08 [http-nio-0.0.0.0-8084-exec-2] ERROR c.c.security.AuthEntryPointJwt - Erreur d'accès non autorisé : Full authentication is required to access this resource
2026-03-24 11:35:08 [http-nio-0.0.0.0-8084-exec-2] ERROR c.c.security.AuthEntryPointJwt - Erreur d'accès non autorisé : Full authentication is required to access this resource
2026-03-24 11:35:09 [http-nio-0.0.0.0-8084-exec-6] INFO  c.c.controllers.CommerceController - Requête de recherche multicritères
2026-03-24 11:35:10 [http-nio-0.0.0.0-8084-exec-7] ERROR c.c.security.AuthEntryPointJwt - Erreur d'accès non autorisé : Full authentication is required to access this resource
2026-03-24 11:35:10 [http-nio-0.0.0.0-8084-exec-8] INFO  c.c.controllers.CommerceController - Requête de recherche multicritères
2026-03-24 11:35:10 [http-nio-0.0.0.0-8084-exec-7] ERROR c.c.security.AuthEntryPointJwt - Erreur d'accès non autorisé : Full authentication is required to access this resource
2026-03-24 11:35:10 [http-nio-0.0.0.0-8084-exec-6] INFO  c.c.s.i.CommerceServiceImpl - Recherche avancée: nom=null, ville=null, proximité=10.0km
2026-03-24 11:35:10 [http-nio-0.0.0.0-8084-exec-8] INFO  c.c.s.i.CommerceServiceImpl - Recherche avancée: nom=null, ville=null, proximité=10.0km
2026-03-24 11:35:12 [http-nio-0.0.0.0-8084-exec-4] INFO  c.c.controllers.CommerceController - Requête de recherche multicritères
2026-03-24 11:35:12 [http-nio-0.0.0.0-8084-exec-4] INFO  c.c.s.i.CommerceServiceImpl - Recherche avancée: nom=null, ville=null, proximité=10.0km
2026-03-24 11:35:12 [http-nio-0.0.0.0-8084-exec-5] ERROR c.c.security.AuthEntryPointJwt - Erreur d'accès non autorisé : Full authentication is required to access this resource
2026-03-24 11:35:12 [http-nio-0.0.0.0-8084-exec-5] ERROR c.c.security.AuthEntryPointJwt - Erreur d'accès non autorisé : Full authentication is required to access this resource
2026-03-24 11:35:42 [http-nio-0.0.0.0-8084-exec-9] ERROR c.c.security.AuthEntryPointJwt - Erreur d'accès non autorisé : Full authentication is required to access this resource
2026-03-24 11:35:42 [http-nio-0.0.0.0-8084-exec-10] INFO  c.c.controllers.CommerceController - Requête de recherche multicritères
2026-03-24 11:35:42 [http-nio-0.0.0.0-8084-exec-10] INFO  c.c.s.i.CommerceServiceImpl - Recherche avancée: nom=null, ville=null, proximité=10.0km
2026-03-24 11:35:42 [http-nio-0.0.0.0-8084-exec-9] ERROR c.c.security.AuthEntryPointJwt - Erreur d'accès non autorisé : Full authentication is required to access this resource
2026-03-24 11:43:20 [http-nio-0.0.0.0-8084-exec-8] ERROR c.c.security.AuthEntryPointJwt - Erreur d'accès non autorisé : Full authentication is required to access this resource
2026-03-24 11:43:20 [http-nio-0.0.0.0-8084-exec-8] ERROR c.c.security.AuthEntryPointJwt - Erreur d'accès non autorisé : Full authentication is required to access this resource
2026-03-24 11:43:20 [http-nio-0.0.0.0-8084-exec-6] INFO  c.c.controllers.CommerceController - Requête de recherche multicritères
2026-03-24 11:43:20 [http-nio-0.0.0.0-8084-exec-6] INFO  c.c.s.i.CommerceServiceImpl - Recherche avancée: nom=null, ville=null, proximité=10.0km
2026-03-24 11:44:05 [http-nio-0.0.0.0-8084-exec-5] INFO  c.c.controllers.CommerceController - Requête de recherche multicritères
2026-03-24 11:44:05 [http-nio-0.0.0.0-8084-exec-5] INFO  c.c.s.i.CommerceServiceImpl - Recherche avancée: nom=null, ville=null, proximité=9.0km
2026-03-24 11:44:27 [http-nio-0.0.0.0-8084-exec-4] ERROR c.c.security.AuthEntryPointJwt - Erreur d'accès non autorisé : Full authentication is required to access this resource
2026-03-24 11:44:27 [http-nio-0.0.0.0-8084-exec-4] ERROR c.c.security.AuthEntryPointJwt - Erreur d'accès non autorisé : Full authentication is required to access this resource
2026-03-24 11:44:27 [http-nio-0.0.0.0-8084-exec-9] INFO  c.c.controllers.CommerceController - Requête de recherche multicritères
2026-03-24 11:44:27 [http-nio-0.0.0.0-8084-exec-9] INFO  c.c.s.i.CommerceServiceImpl - Recherche avancée: nom=null, ville=null, proximité=10.0km
2026-03-24 11:46:28 [http-nio-0.0.0.0-8084-exec-3] ERROR c.c.security.AuthEntryPointJwt - Erreur d'accès non autorisé : Full authentication is required to access this resource
2026-03-24 11:46:28 [http-nio-0.0.0.0-8084-exec-7] INFO  c.c.controllers.CommerceController - Requête de recherche multicritères
2026-03-24 11:46:28 [http-nio-0.0.0.0-8084-exec-3] ERROR c.c.security.AuthEntryPointJwt - Erreur d'accès non autorisé : Full authentication is required to access this resource
2026-03-24 11:46:28 [http-nio-0.0.0.0-8084-exec-7] INFO  c.c.s.i.CommerceServiceImpl - Recherche avancée: nom=null, ville=null, proximité=10.0km
2026-03-24 11:46:37 [http-nio-0.0.0.0-8084-exec-6] INFO  c.c.controllers.CommerceController - Requête de recherche multicritères
2026-03-24 11:46:37 [http-nio-0.0.0.0-8084-exec-6] INFO  c.c.s.i.CommerceServiceImpl - Recherche avancée: nom=null, ville=null, proximité=9.0km
2026-03-24 11:46:38 [http-nio-0.0.0.0-8084-exec-5] INFO  c.c.controllers.CommerceController - Requête de recherche multicritères
2026-03-24 11:46:38 [http-nio-0.0.0.0-8084-exec-5] INFO  c.c.s.i.CommerceServiceImpl - Recherche avancée: nom=null, ville=null, proximité=8.0km
2026-03-24 11:46:38 [http-nio-0.0.0.0-8084-exec-4] INFO  c.c.controllers.CommerceController - Requête de recherche multicritères
2026-03-24 11:46:38 [http-nio-0.0.0.0-8084-exec-4] INFO  c.c.s.i.CommerceServiceImpl - Recherche avancée: nom=null, ville=null, proximité=7.0km
2026-03-24 11:46:38 [http-nio-0.0.0.0-8084-exec-9] INFO  c.c.controllers.CommerceController - Requête de recherche multicritères
2026-03-24 11:46:38 [http-nio-0.0.0.0-8084-exec-9] INFO  c.c.s.i.CommerceServiceImpl - Recherche avancée: nom=null, ville=null, proximité=6.0km
2026-03-24 11:46:38 [http-nio-0.0.0.0-8084-exec-1] INFO  c.c.controllers.CommerceController - Requête de recherche multicritères
2026-03-24 11:46:38 [http-nio-0.0.0.0-8084-exec-1] INFO  c.c.s.i.CommerceServiceImpl - Recherche avancée: nom=null, ville=null, proximité=5.0km
2026-03-24 11:46:42 [http-nio-0.0.0.0-8084-exec-10] INFO  c.c.controllers.CommerceController - Requête de recherche multicritères
2026-03-24 11:46:42 [http-nio-0.0.0.0-8084-exec-10] INFO  c.c.s.i.CommerceServiceImpl - Recherche avancée: nom=null, ville=null, proximité=5.0km
2026-03-24 11:46:48 [http-nio-0.0.0.0-8084-exec-3] INFO  c.c.controllers.CommerceController - Requête de recherche multicritères
2026-03-24 11:46:48 [http-nio-0.0.0.0-8084-exec-3] INFO  c.c.s.i.CommerceServiceImpl - Recherche avancée: nom=null, ville=null, proximité=5.0km
2026-03-24 11:55:38 [http-nio-0.0.0.0-8084-exec-2] ERROR c.c.security.AuthEntryPointJwt - Erreur d'accès non autorisé : Full authentication is required to access this resource
2026-03-24 11:55:38 [http-nio-0.0.0.0-8084-exec-2] ERROR c.c.security.AuthEntryPointJwt - Erreur d'accès non autorisé : Full authentication is required to access this resource
2026-03-24 11:55:38 [http-nio-0.0.0.0-8084-exec-8] INFO  c.c.controllers.CommerceController - Requête de recherche multicritères
2026-03-24 11:55:38 [http-nio-0.0.0.0-8084-exec-8] INFO  c.c.s.i.CommerceServiceImpl - Recherche avancée: nom=null, ville=null, proximité=10.0km
2026-03-24 11:56:35 [http-nio-0.0.0.0-8084-exec-6] ERROR c.c.security.AuthEntryPointJwt - Erreur d'accès non autorisé : Full authentication is required to access this resource
2026-03-24 11:56:35 [http-nio-0.0.0.0-8084-exec-5] INFO  c.c.controllers.CommerceController - Requête de recherche multicritères
2026-03-24 11:56:35 [http-nio-0.0.0.0-8084-exec-6] ERROR c.c.security.AuthEntryPointJwt - Erreur d'accès non autorisé : Full authentication is required to access this resource
2026-03-24 11:56:35 [http-nio-0.0.0.0-8084-exec-5] INFO  c.c.s.i.CommerceServiceImpl - Recherche avancée: nom=null, ville=null, proximité=10.0km
2026-03-24 11:57:10 [http-nio-0.0.0.0-8084-exec-4] ERROR c.c.security.AuthEntryPointJwt - Erreur d'accès non autorisé : Full authentication is required to access this resource
2026-03-24 11:57:10 [http-nio-0.0.0.0-8084-exec-4] ERROR c.c.security.AuthEntryPointJwt - Erreur d'accès non autorisé : Full authentication is required to access this resource
2026-03-24 11:57:10 [http-nio-0.0.0.0-8084-exec-9] INFO  c.c.controllers.CommerceController - Requête de recherche multicritères
2026-03-24 11:57:10 [http-nio-0.0.0.0-8084-exec-9] INFO  c.c.s.i.CommerceServiceImpl - Recherche avancée: nom=null, ville=null, proximité=10.0km
2026-03-24 11:59:52 [http-nio-0.0.0.0-8084-exec-7] ERROR c.c.security.AuthEntryPointJwt - Erreur d'accès non autorisé : Full authentication is required to access this resource
2026-03-24 11:59:52 [http-nio-0.0.0.0-8084-exec-7] ERROR c.c.security.AuthEntryPointJwt - Erreur d'accès non autorisé : Full authentication is required to access this resource
2026-03-24 11:59:52 [http-nio-0.0.0.0-8084-exec-3] INFO  c.c.controllers.CommerceController - Requête de recherche multicritères
2026-03-24 11:59:52 [http-nio-0.0.0.0-8084-exec-3] INFO  c.c.s.i.CommerceServiceImpl - Recherche avancée: nom=null, ville=null, proximité=10.0km
2026-03-24 12:00:58 [http-nio-0.0.0.0-8084-exec-6] ERROR c.c.security.AuthEntryPointJwt - Erreur d'accès non autorisé : Full authentication is required to access this resource
2026-03-24 12:00:58 [http-nio-0.0.0.0-8084-exec-6] ERROR c.c.security.AuthEntryPointJwt - Erreur d'accès non autorisé : Full authentication is required to access this resource
2026-03-24 12:00:58 [http-nio-0.0.0.0-8084-exec-5] INFO  c.c.controllers.CommerceController - Requête de recherche multicritères
2026-03-24 12:00:58 [http-nio-0.0.0.0-8084-exec-5] INFO  c.c.s.i.CommerceServiceImpl - Recherche avancée: nom=null, ville=null, proximité=10.0km
2026-03-24 12:03:19 [http-nio-0.0.0.0-8084-exec-1] ERROR c.c.security.AuthEntryPointJwt - Erreur d'accès non autorisé : Full authentication is required to access this resource
2026-03-24 12:03:19 [http-nio-0.0.0.0-8084-exec-10] INFO  c.c.controllers.CommerceController - Requête de recherche multicritères
2026-03-24 12:03:19 [http-nio-0.0.0.0-8084-exec-1] ERROR c.c.security.AuthEntryPointJwt - Erreur d'accès non autorisé : Full authentication is required to access this resource
2026-03-24 12:03:19 [http-nio-0.0.0.0-8084-exec-10] INFO  c.c.s.i.CommerceServiceImpl - Recherche avancée: nom=null, ville=null, proximité=10.0km
2026-03-24 12:03:39 [http-nio-0.0.0.0-8084-exec-7] ERROR c.c.security.AuthEntryPointJwt - Erreur d'accès non autorisé : Full authentication is required to access this resource
2026-03-24 12:03:39 [http-nio-0.0.0.0-8084-exec-3] INFO  c.c.controllers.CommerceController - Requête de recherche multicritères
2026-03-24 12:03:39 [http-nio-0.0.0.0-8084-exec-3] INFO  c.c.s.i.CommerceServiceImpl - Recherche avancée: nom=null, ville=null, proximité=10.0km
2026-03-24 12:03:39 [http-nio-0.0.0.0-8084-exec-7] ERROR c.c.security.AuthEntryPointJwt - Erreur d'accès non autorisé : Full authentication is required to access this resource
2026-03-24 12:07:45 [http-nio-0.0.0.0-8084-exec-6] ERROR c.c.security.AuthEntryPointJwt - Erreur d'accès non autorisé : Full authentication is required to access this resource
2026-03-24 12:07:45 [http-nio-0.0.0.0-8084-exec-6] ERROR c.c.security.AuthEntryPointJwt - Erreur d'accès non autorisé : Full authentication is required to access this resource
2026-03-24 12:07:45 [http-nio-0.0.0.0-8084-exec-5] INFO  c.c.controllers.CommerceController - Requête de recherche multicritères
2026-03-24 12:07:45 [http-nio-0.0.0.0-8084-exec-5] INFO  c.c.s.i.CommerceServiceImpl - Recherche avancée: nom=null, ville=null, proximité=10.0km
2026-03-24 12:07:55 [http-nio-0.0.0.0-8084-exec-4] ERROR c.c.security.AuthEntryPointJwt - Erreur d'accès non autorisé : Full authentication is required to access this resource
2026-03-24 12:07:55 [http-nio-0.0.0.0-8084-exec-9] INFO  c.c.controllers.CommerceController - Requête de recherche multicritères
2026-03-24 12:07:55 [http-nio-0.0.0.0-8084-exec-4] ERROR c.c.security.AuthEntryPointJwt - Erreur d'accès non autorisé : Full authentication is required to access this resource
2026-03-24 12:07:55 [http-nio-0.0.0.0-8084-exec-9] INFO  c.c.s.i.CommerceServiceImpl - Recherche avancée: nom=null, ville=null, proximité=10.0km
2026-03-24 12:08:04 [http-nio-0.0.0.0-8084-exec-1] ERROR c.c.security.AuthEntryPointJwt - Erreur d'accès non autorisé : Full authentication is required to access this resource
2026-03-24 12:08:04 [http-nio-0.0.0.0-8084-exec-10] INFO  c.c.controllers.CommerceController - Requête de recherche multicritères
2026-03-24 12:08:04 [http-nio-0.0.0.0-8084-exec-10] INFO  c.c.s.i.CommerceServiceImpl - Recherche avancée: nom=null, ville=null, proximité=10.0km
2026-03-24 12:08:04 [http-nio-0.0.0.0-8084-exec-1] ERROR c.c.security.AuthEntryPointJwt - Erreur d'accès non autorisé : Full authentication is required to access this resource
2026-03-24 12:09:10 [http-nio-0.0.0.0-8084-exec-2] ERROR c.c.security.AuthEntryPointJwt - Erreur d'accès non autorisé : Full authentication is required to access this resource
2026-03-24 12:09:10 [http-nio-0.0.0.0-8084-exec-2] ERROR c.c.security.AuthEntryPointJwt - Erreur d'accès non autorisé : Full authentication is required to access this resource
2026-03-24 12:09:10 [http-nio-0.0.0.0-8084-exec-8] INFO  c.c.controllers.CommerceController - Requête de recherche multicritères
2026-03-24 12:09:10 [http-nio-0.0.0.0-8084-exec-8] INFO  c.c.s.i.CommerceServiceImpl - Recherche avancée: nom=null, ville=null, proximité=10.0km
2026-03-24 12:09:19 [http-nio-0.0.0.0-8084-exec-6] ERROR c.c.security.AuthEntryPointJwt - Erreur d'accès non autorisé : Full authentication is required to access this resource
2026-03-24 12:09:20 [http-nio-0.0.0.0-8084-exec-6] ERROR c.c.security.AuthEntryPointJwt - Erreur d'accès non autorisé : Full authentication is required to access this resource
2026-03-24 12:09:20 [http-nio-0.0.0.0-8084-exec-5] INFO  c.c.controllers.CommerceController - Requête de recherche multicritères
2026-03-24 12:09:20 [http-nio-0.0.0.0-8084-exec-5] INFO  c.c.s.i.CommerceServiceImpl - Recherche avancée: nom=null, ville=null, proximité=10.0km
2026-03-24 12:10:12 [http-nio-0.0.0.0-8084-exec-4] ERROR c.c.security.AuthEntryPointJwt - Erreur d'accès non autorisé : Full authentication is required to access this resource
2026-03-24 12:10:13 [http-nio-0.0.0.0-8084-exec-9] INFO  c.c.controllers.CommerceController - Requête de recherche multicritères
2026-03-24 12:10:13 [http-nio-0.0.0.0-8084-exec-4] ERROR c.c.security.AuthEntryPointJwt - Erreur d'accès non autorisé : Full authentication is required to access this resource
2026-03-24 12:10:13 [http-nio-0.0.0.0-8084-exec-9] INFO  c.c.s.i.CommerceServiceImpl - Recherche avancée: nom=null, ville=null, proximité=10.0km
2026-03-24 12:25:54 [HikariPool-1 housekeeper] WARN  com.zaxxer.hikari.pool.HikariPool - HikariPool-1 - Thread starvation or clock leap detected (housekeeper delta=12m46s968ms455µs500ns).
2026-03-24 12:31:20 [HikariPool-1 housekeeper] WARN  com.zaxxer.hikari.pool.HikariPool - HikariPool-1 - Thread starvation or clock leap detected (housekeeper delta=1m26s736ms635µs700ns).
2026-03-24 12:39:52 [http-nio-0.0.0.0-8084-exec-7] ERROR c.c.security.AuthEntryPointJwt - Erreur d'accès non autorisé : Full authentication is required to access this resource
2026-03-24 12:39:53 [http-nio-0.0.0.0-8084-exec-7] ERROR c.c.security.AuthEntryPointJwt - Erreur d'accès non autorisé : Full authentication is required to access this resource
2026-03-24 12:39:53 [http-nio-0.0.0.0-8084-exec-3] INFO  c.c.controllers.CommerceController - Requête de recherche multicritères
2026-03-24 12:39:53 [http-nio-0.0.0.0-8084-exec-3] INFO  c.c.s.i.CommerceServiceImpl - Recherche avancée: nom=null, ville=null, proximité=10.0km
2026-03-24 12:43:36 [http-nio-0.0.0.0-8084-exec-6] ERROR c.c.security.AuthEntryPointJwt - Erreur d'accès non autorisé : Full authentication is required to access this resource
2026-03-24 12:43:36 [http-nio-0.0.0.0-8084-exec-5] INFO  c.c.controllers.CommerceController - Requête de recherche multicritères
2026-03-24 12:43:37 [http-nio-0.0.0.0-8084-exec-6] ERROR c.c.security.AuthEntryPointJwt - Erreur d'accès non autorisé : Full authentication is required to access this resource
2026-03-24 12:43:37 [http-nio-0.0.0.0-8084-exec-5] INFO  c.c.s.i.CommerceServiceImpl - Recherche avancée: nom=null, ville=null, proximité=10.0km
2026-03-24 12:43:55 [http-nio-0.0.0.0-8084-exec-4] ERROR c.c.security.AuthEntryPointJwt - Erreur d'accès non autorisé : Full authentication is required to access this resource
2026-03-24 12:43:55 [http-nio-0.0.0.0-8084-exec-4] ERROR c.c.security.AuthEntryPointJwt - Erreur d'accès non autorisé : Full authentication is required to access this resource
2026-03-24 12:43:55 [http-nio-0.0.0.0-8084-exec-9] INFO  c.c.controllers.CommerceController - Requête de recherche multicritères
2026-03-24 12:43:55 [http-nio-0.0.0.0-8084-exec-9] INFO  c.c.s.i.CommerceServiceImpl - Recherche avancée: nom=null, ville=null, proximité=10.0km
2026-03-24 12:45:01 [File Watcher] INFO  o.s.b.d.a.LocalDevToolsAutoConfiguration$RestartingClassPathChangeChangedEventListener - Restarting due to 129 class path changes (0 additions, 129 deletions, 0 modifications)
2026-03-24 12:45:02 [Thread-6] INFO  o.s.b.w.e.tomcat.GracefulShutdown - Commencing graceful shutdown. Waiting for active requests to complete
2026-03-24 12:45:02 [tomcat-shutdown] INFO  o.a.coyote.http11.Http11NioProtocol - Pausing ProtocolHandler ["http-nio-0.0.0.0-8084"]
2026-03-24 12:45:04 [tomcat-shutdown] INFO  o.s.b.w.e.tomcat.GracefulShutdown - Graceful shutdown complete
2026-03-24 12:45:04 [Thread-6] INFO  o.a.coyote.http11.Http11NioProtocol - Stopping ProtocolHandler ["http-nio-0.0.0.0-8084"]
2026-03-24 12:45:06 [Thread-6] INFO  o.s.o.j.LocalContainerEntityManagerFactoryBean - Closing JPA EntityManagerFactory for persistence unit 'default'
2026-03-24 12:45:06 [Thread-6] INFO  com.zaxxer.hikari.HikariDataSource - HikariPool-1 - Shutdown initiated...
2026-03-24 12:45:06 [Thread-6] INFO  com.zaxxer.hikari.HikariDataSource - HikariPool-1 - Shutdown completed.
2026-03-24 12:45:07 [restartedMain] INFO  c.c.CarrefourconnectApplication - Starting CarrefourconnectApplication using Java 17.0.15 with PID 7148 (C:\Users\Darryl\Desktop\ProjetTutore\carrefourconnect\backend\target\classes started by Darryl in C:\Users\Darryl\Desktop\ProjetTutore\carrefourconnect\backend)
2026-03-24 12:45:07 [restartedMain] DEBUG c.c.CarrefourconnectApplication - Running with Spring Boot v3.4.1, Spring v6.2.1
2026-03-24 12:45:07 [restartedMain] INFO  c.c.CarrefourconnectApplication - No active profile set, falling back to 1 default profile: "default"
2026-03-24 12:45:10 [restartedMain] INFO  o.s.d.r.c.RepositoryConfigurationDelegate - Bootstrapping Spring Data JPA repositories in DEFAULT mode.
2026-03-24 12:45:10 [restartedMain] INFO  o.s.d.r.c.RepositoryConfigurationDelegate - Finished Spring Data repository scanning in 11 ms. Found 0 JPA repository interfaces.
2026-03-24 12:45:11 [restartedMain] INFO  o.s.b.w.e.tomcat.TomcatWebServer - Tomcat initialized with port 8084 (http)
2026-03-24 12:45:11 [restartedMain] INFO  o.a.coyote.http11.Http11NioProtocol - Initializing ProtocolHandler ["http-nio-0.0.0.0-8084"]
2026-03-24 12:45:11 [restartedMain] INFO  o.a.catalina.core.StandardService - Starting service [Tomcat]
2026-03-24 12:45:11 [restartedMain] INFO  o.a.catalina.core.StandardEngine - Starting Servlet engine: [Apache Tomcat/10.1.34]
2026-03-24 12:45:11 [restartedMain] INFO  o.a.c.c.C.[Tomcat].[localhost].[/] - Initializing Spring embedded WebApplicationContext
2026-03-24 12:45:11 [restartedMain] INFO  o.s.b.w.s.c.ServletWebServerApplicationContext - Root WebApplicationContext: initialization completed in 3713 ms
2026-03-24 12:45:12 [restartedMain] INFO  o.h.jpa.internal.util.LogHelper - HHH000204: Processing PersistenceUnitInfo [name: default]
2026-03-24 12:45:12 [restartedMain] INFO  o.h.s.integration.SpatialService - HHH80000001: hibernate-spatial integration enabled : true
2026-03-24 12:45:12 [restartedMain] INFO  o.h.c.i.RegionFactoryInitiator - HHH000026: Second-level cache disabled
2026-03-24 12:45:12 [restartedMain] INFO  com.zaxxer.hikari.HikariDataSource - HikariPool-2 - Starting...
2026-03-24 12:45:12 [restartedMain] INFO  com.zaxxer.hikari.pool.HikariPool - HikariPool-2 - Added connection org.postgresql.jdbc.PgConnection@68bf3b4d
2026-03-24 12:45:12 [restartedMain] INFO  com.zaxxer.hikari.HikariDataSource - HikariPool-2 - Start completed.
2026-03-24 12:45:12 [restartedMain] WARN  org.hibernate.orm.deprecation - HHH90000025: PostgreSQLDialect does not need to be specified explicitly using 'hibernate.dialect' (remove the property setting and it will be selected by default)
2026-03-24 12:45:12 [restartedMain] INFO  o.hibernate.orm.connections.pooling - HHH10001005: Database info:
	Database JDBC URL [Connecting through datasource 'HikariDataSource (HikariPool-2)']
	Database driver: undefined/unknown
	Database version: 17.4
	Autocommit mode: undefined/unknown
	Isolation level: undefined/unknown
	Minimum pool size: undefined/unknown
	Maximum pool size: undefined/unknown
2026-03-24 12:45:12 [restartedMain] INFO  org.hibernate.spatial - HHH80000003: hibernate-spatial adding type contributions from : org.hibernate.spatial.dialect.postgis.PostgisDialectContributor
2026-03-24 12:45:12 [restartedMain] INFO  o.s.o.j.p.SpringPersistenceUnitInfo - No LoadTimeWeaver setup: ignoring JPA class transformer
2026-03-24 12:45:12 [restartedMain] INFO  org.hibernate.spatial - HHH80000003: hibernate-spatial adding type contributions from : org.hibernate.spatial.dialect.postgis.PostgisDialectContributor
2026-03-24 12:45:12 [restartedMain] INFO  org.hibernate.spatial - HHH80000004: hibernate-spatial adding function contributions from : org.hibernate.spatial.dialect.postgis.PostgisDialectContributor
2026-03-24 12:45:12 [restartedMain] INFO  o.h.e.t.j.p.i.JtaPlatformInitiator - HHH000489: No JTA platform available (set 'hibernate.transaction.jta.platform' to enable JTA platform integration)
2026-03-24 12:45:12 [restartedMain] INFO  o.s.o.j.LocalContainerEntityManagerFactoryBean - Initialized JPA EntityManagerFactory for persistence unit 'default'
2026-03-24 12:45:13 [restartedMain] WARN  o.s.b.a.o.j.JpaBaseConfiguration$JpaWebConfiguration - spring.jpa.open-in-view is enabled by default. Therefore, database queries may be performed during view rendering. Explicitly configure spring.jpa.open-in-view to disable this warning
2026-03-24 12:45:14 [restartedMain] WARN  o.s.b.a.t.ThymeleafAutoConfiguration$DefaultTemplateResolverConfiguration - Cannot find template location: classpath:/templates/ (please add some templates, check your Thymeleaf configuration, or set spring.thymeleaf.check-template-location=false)
2026-03-24 12:45:16 [restartedMain] WARN  o.s.b.a.s.s.UserDetailsServiceAutoConfiguration - 

Using generated security password: dedf429f-ec74-4409-bc79-c7c8af279b32

This generated password is for development use only. Your security configuration must be updated before running your application in production.

2026-03-24 12:45:16 [restartedMain] INFO  o.s.s.c.a.a.c.InitializeUserDetailsBeanManagerConfigurer$InitializeUserDetailsManagerConfigurer - Global AuthenticationManager configured with UserDetailsService bean with name inMemoryUserDetailsManager
2026-03-24 12:45:16 [restartedMain] INFO  o.s.b.a.e.web.EndpointLinksResolver - Exposing 1 endpoint beneath base path '/actuator'
2026-03-24 12:45:17 [restartedMain] INFO  o.s.b.d.a.OptionalLiveReloadServer - LiveReload server is running on port 35729
2026-03-24 12:45:17 [restartedMain] INFO  o.a.coyote.http11.Http11NioProtocol - Starting ProtocolHandler ["http-nio-0.0.0.0-8084"]
2026-03-24 12:45:17 [restartedMain] INFO  o.s.b.w.e.tomcat.TomcatWebServer - Tomcat started on port 8084 (http) with context path '/'
2026-03-24 12:45:17 [restartedMain] INFO  c.c.CarrefourconnectApplication - Started CarrefourconnectApplication in 9.562 seconds (process running for 5451.295)
2026-03-24 12:45:17 [restartedMain] INFO  o.s.b.d.a.ConditionEvaluationDeltaLoggingListener - Condition evaluation delta:


==========================
CONDITION EVALUATION DELTA
==========================


Positive matches:
-----------------

   ManagementWebSecurityAutoConfiguration matched:
      - found 'session' scope (OnWebApplicationCondition)
      - AllNestedConditions 2 matched 0 did not; NestedCondition on DefaultWebSecurityCondition.Beans @ConditionalOnMissingBean (types: org.springframework.security.web.SecurityFilterChain; SearchStrategy: all) did not find any beans; NestedCondition on DefaultWebSecurityCondition.Classes @ConditionalOnClass found required classes 'org.springframework.security.web.SecurityFilterChain', 'org.springframework.security.config.annotation.web.builders.HttpSecurity' (DefaultWebSecurityCondition)

   UserDetailsServiceAutoConfiguration matched:
      - @ConditionalOnClass found required class 'org.springframework.security.authentication.AuthenticationManager' (OnClassCondition)
      - found 'session' scope (OnWebApplicationCondition)
      - AnyNestedCondition 1 matched 2 did not; NestedCondition on UserDetailsServiceAutoConfiguration.MissingAlternativeOrUserPropertiesConfigured.PasswordConfigured @ConditionalOnProperty (spring.security.user.password) did not find property 'password'; NestedCondition on UserDetailsServiceAutoConfiguration.MissingAlternativeOrUserPropertiesConfigured.NameConfigured @ConditionalOnProperty (spring.security.user.name) did not find property 'name'; NestedCondition on UserDetailsServiceAutoConfiguration.MissingAlternativeOrUserPropertiesConfigured.MissingAlternative @ConditionalOnMissingClass did not find unwanted classes 'org.springframework.security.oauth2.client.registration.ClientRegistrationRepository', 'org.springframework.security.oauth2.server.resource.introspection.OpaqueTokenIntrospector', 'org.springframework.security.saml2.provider.service.registration.RelyingPartyRegistrationRepository' (UserDetailsServiceAutoConfiguration.MissingAlternativeOrUserPropertiesConfigured)
      - @ConditionalOnBean (types: org.springframework.security.config.ObjectPostProcessor; SearchStrategy: all) found beans 'objectPostProcessor', 'webAuthorizationManagerPostProcessor', 'filterChainDecoratorPostProcessor', 'authenticationManagerPostProcessor'; @ConditionalOnMissingBean (types: org.springframework.security.authentication.AuthenticationManager,org.springframework.security.authentication.AuthenticationProvider,org.springframework.security.core.userdetails.UserDetailsService,org.springframework.security.authentication.AuthenticationManagerResolver,org.springframework.security.oauth2.jwt.JwtDecoder; SearchStrategy: all) did not find any beans (OnBeanCondition)


Negative matches:
-----------------

    None


Exclusions:
-----------

    None


Unconditional classes:
----------------------

    None



2026-03-24 12:45:26 [File Watcher] INFO  o.s.b.d.a.LocalDevToolsAutoConfiguration$RestartingClassPathChangeChangedEventListener - Restarting due to 129 class path changes (129 additions, 0 deletions, 0 modifications)
2026-03-24 12:45:26 [Thread-8] INFO  o.s.b.w.e.tomcat.GracefulShutdown - Commencing graceful shutdown. Waiting for active requests to complete
2026-03-24 12:45:26 [tomcat-shutdown] INFO  o.a.coyote.http11.Http11NioProtocol - Pausing ProtocolHandler ["http-nio-0.0.0.0-8084"]
2026-03-24 12:45:31 [tomcat-shutdown] INFO  o.s.b.w.e.tomcat.GracefulShutdown - Graceful shutdown complete
2026-03-24 12:45:31 [Thread-8] INFO  o.a.coyote.http11.Http11NioProtocol - Stopping ProtocolHandler ["http-nio-0.0.0.0-8084"]
2026-03-24 12:45:32 [Thread-8] INFO  o.s.o.j.LocalContainerEntityManagerFactoryBean - Closing JPA EntityManagerFactory for persistence unit 'default'
2026-03-24 12:45:32 [Thread-8] INFO  com.zaxxer.hikari.HikariDataSource - HikariPool-2 - Shutdown initiated...
2026-03-24 12:45:32 [Thread-8] INFO  com.zaxxer.hikari.HikariDataSource - HikariPool-2 - Shutdown completed.
2026-03-24 12:45:32 [restartedMain] INFO  c.c.CarrefourconnectApplication - Starting CarrefourconnectApplication using Java 17.0.15 with PID 7148 (C:\Users\Darryl\Desktop\ProjetTutore\carrefourconnect\backend\target\classes started by Darryl in C:\Users\Darryl\Desktop\ProjetTutore\carrefourconnect\backend)
2026-03-24 12:45:32 [restartedMain] DEBUG c.c.CarrefourconnectApplication - Running with Spring Boot v3.4.1, Spring v6.2.1
2026-03-24 12:45:32 [restartedMain] INFO  c.c.CarrefourconnectApplication - No active profile set, falling back to 1 default profile: "default"
2026-03-24 12:45:38 [restartedMain] INFO  o.s.d.r.c.RepositoryConfigurationDelegate - Bootstrapping Spring Data JPA repositories in DEFAULT mode.
2026-03-24 12:45:40 [restartedMain] INFO  o.s.d.r.c.RepositoryConfigurationDelegate - Finished Spring Data repository scanning in 1840 ms. Found 13 JPA repository interfaces.
2026-03-24 12:45:42 [restartedMain] INFO  o.s.b.w.e.tomcat.TomcatWebServer - Tomcat initialized with port 8084 (http)
2026-03-24 12:45:42 [restartedMain] INFO  o.a.coyote.http11.Http11NioProtocol - Initializing ProtocolHandler ["http-nio-0.0.0.0-8084"]
2026-03-24 12:45:42 [restartedMain] INFO  o.a.catalina.core.StandardService - Starting service [Tomcat]
2026-03-24 12:45:42 [restartedMain] INFO  o.a.catalina.core.StandardEngine - Starting Servlet engine: [Apache Tomcat/10.1.34]
2026-03-24 12:45:42 [restartedMain] INFO  o.a.c.c.C.[Tomcat].[localhost].[/] - Initializing Spring embedded WebApplicationContext
2026-03-24 12:45:42 [restartedMain] INFO  o.s.b.w.s.c.ServletWebServerApplicationContext - Root WebApplicationContext: initialization completed in 10122 ms
2026-03-24 12:45:43 [restartedMain] INFO  o.h.jpa.internal.util.LogHelper - HHH000204: Processing PersistenceUnitInfo [name: default]
2026-03-24 12:45:43 [restartedMain] INFO  o.h.s.integration.SpatialService - HHH80000001: hibernate-spatial integration enabled : true
2026-03-24 12:45:43 [restartedMain] INFO  o.h.c.i.RegionFactoryInitiator - HHH000026: Second-level cache disabled
2026-03-24 12:45:43 [restartedMain] INFO  com.zaxxer.hikari.HikariDataSource - HikariPool-3 - Starting...
2026-03-24 12:45:44 [restartedMain] INFO  com.zaxxer.hikari.pool.HikariPool - HikariPool-3 - Added connection org.postgresql.jdbc.PgConnection@38b3bc0b
2026-03-24 12:45:44 [restartedMain] INFO  com.zaxxer.hikari.HikariDataSource - HikariPool-3 - Start completed.
2026-03-24 12:45:44 [restartedMain] WARN  org.hibernate.orm.deprecation - HHH90000025: PostgreSQLDialect does not need to be specified explicitly using 'hibernate.dialect' (remove the property setting and it will be selected by default)
2026-03-24 12:45:44 [restartedMain] INFO  o.hibernate.orm.connections.pooling - HHH10001005: Database info:
	Database JDBC URL [Connecting through datasource 'HikariDataSource (HikariPool-3)']
	Database driver: undefined/unknown
	Database version: 17.4
	Autocommit mode: undefined/unknown
	Isolation level: undefined/unknown
	Minimum pool size: undefined/unknown
	Maximum pool size: undefined/unknown
2026-03-24 12:45:44 [restartedMain] INFO  org.hibernate.spatial - HHH80000003: hibernate-spatial adding type contributions from : org.hibernate.spatial.dialect.postgis.PostgisDialectContributor
2026-03-24 12:45:44 [restartedMain] INFO  o.s.o.j.p.SpringPersistenceUnitInfo - No LoadTimeWeaver setup: ignoring JPA class transformer
2026-03-24 12:45:44 [restartedMain] INFO  org.hibernate.spatial - HHH80000003: hibernate-spatial adding type contributions from : org.hibernate.spatial.dialect.postgis.PostgisDialectContributor
2026-03-24 12:45:45 [restartedMain] INFO  org.hibernate.spatial - HHH80000004: hibernate-spatial adding function contributions from : org.hibernate.spatial.dialect.postgis.PostgisDialectContributor
2026-03-24 12:45:46 [restartedMain] INFO  o.h.e.t.j.p.i.JtaPlatformInitiator - HHH000489: No JTA platform available (set 'hibernate.transaction.jta.platform' to enable JTA platform integration)
2026-03-24 12:45:47 [restartedMain] INFO  o.s.o.j.LocalContainerEntityManagerFactoryBean - Initialized JPA EntityManagerFactory for persistence unit 'default'
2026-03-24 12:45:48 [restartedMain] DEBUG c.c.security.JwtAuthenticationFilter - Filter 'authenticationJwtTokenFilter' configured for use
2026-03-24 12:45:48 [restartedMain] INFO  o.s.s.c.a.a.c.InitializeAuthenticationProviderBeanManagerConfigurer$InitializeAuthenticationProviderManagerConfigurer - Global AuthenticationManager configured with AuthenticationProvider bean with name authenticationProvider
2026-03-24 12:45:48 [restartedMain] WARN  o.s.s.c.a.a.c.InitializeUserDetailsBeanManagerConfigurer$InitializeUserDetailsManagerConfigurer - Global AuthenticationManager configured with an AuthenticationProvider bean. UserDetailsService beans will not be used by Spring Security for automatically configuring username/password login. Consider removing the AuthenticationProvider bean. Alternatively, consider using the UserDetailsService in a manually instantiated DaoAuthenticationProvider. If the current configuration is intentional, to turn off this warning, increase the logging level of 'org.springframework.security.config.annotation.authentication.configuration.InitializeUserDetailsBeanManagerConfigurer' to ERROR
2026-03-24 12:45:51 [restartedMain] WARN  o.s.b.a.o.j.JpaBaseConfiguration$JpaWebConfiguration - spring.jpa.open-in-view is enabled by default. Therefore, database queries may be performed during view rendering. Explicitly configure spring.jpa.open-in-view to disable this warning
2026-03-24 12:45:51 [restartedMain] INFO  c.c.CarrefourconnectApplication - Starting CarrefourconnectApplication using Java 17.0.15 with PID 20496 (C:\Users\Darryl\Desktop\ProjetTutore\carrefourconnect\backend\target\classes started by Darryl in C:\Users\Darryl\Desktop\ProjetTutore\carrefourconnect\backend)
2026-03-24 12:45:51 [restartedMain] DEBUG c.c.CarrefourconnectApplication - Running with Spring Boot v3.4.1, Spring v6.2.1
2026-03-24 12:45:51 [restartedMain] INFO  c.c.CarrefourconnectApplication - No active profile set, falling back to 1 default profile: "default"
2026-03-24 12:45:51 [restartedMain] INFO  o.s.b.d.e.DevToolsPropertyDefaultsPostProcessor - Devtools property defaults active! Set 'spring.devtools.add-properties' to 'false' to disable
2026-03-24 12:45:51 [restartedMain] INFO  o.s.b.d.e.DevToolsPropertyDefaultsPostProcessor - For additional web related logging consider setting the 'logging.level.web' property to 'DEBUG'
2026-03-24 12:45:52 [background-preinit] INFO  o.h.validator.internal.util.Version - HV000001: Hibernate Validator 8.0.2.Final
2026-03-24 12:45:53 [restartedMain] INFO  o.s.b.a.e.web.EndpointLinksResolver - Exposing 1 endpoint beneath base path '/actuator'
2026-03-24 12:45:55 [restartedMain] WARN  o.s.b.a.t.ThymeleafAutoConfiguration$DefaultTemplateResolverConfiguration - Cannot find template location: classpath:/templates/ (please add some templates, check your Thymeleaf configuration, or set spring.thymeleaf.check-template-location=false)
2026-03-24 12:45:56 [restartedMain] INFO  o.s.b.d.a.OptionalLiveReloadServer - LiveReload server is running on port 35729
2026-03-24 12:45:56 [restartedMain] INFO  o.a.coyote.http11.Http11NioProtocol - Starting ProtocolHandler ["http-nio-0.0.0.0-8084"]
2026-03-24 12:45:56 [restartedMain] INFO  o.s.b.w.e.tomcat.TomcatWebServer - Tomcat started on port 8084 (http) with context path '/'
2026-03-24 12:45:56 [restartedMain] INFO  c.c.CarrefourconnectApplication - Started CarrefourconnectApplication in 24.321 seconds (process running for 5490.566)
2026-03-24 12:45:56 [restartedMain] INFO  o.s.b.d.a.ConditionEvaluationDeltaLoggingListener - Condition evaluation delta:


==========================
CONDITION EVALUATION DELTA
==========================


Positive matches:
-----------------

    None


Negative matches:
-----------------

   ManagementWebSecurityAutoConfiguration:
      Did not match:
         - AllNestedConditions 1 matched 1 did not; NestedCondition on DefaultWebSecurityCondition.Beans @ConditionalOnMissingBean (types: org.springframework.security.web.SecurityFilterChain; SearchStrategy: all) found beans of type 'org.springframework.security.web.SecurityFilterChain' filterChain; NestedCondition on DefaultWebSecurityCondition.Classes @ConditionalOnClass found required classes 'org.springframework.security.web.SecurityFilterChain', 'org.springframework.security.config.annotation.web.builders.HttpSecurity' (DefaultWebSecurityCondition)
      Matched:
         - found 'session' scope (OnWebApplicationCondition)

   UserDetailsServiceAutoConfiguration:
      Did not match:
         - @ConditionalOnMissingBean (types: org.springframework.security.authentication.AuthenticationManager,org.springframework.security.authentication.AuthenticationProvider,org.springframework.security.core.userdetails.UserDetailsService,org.springframework.security.authentication.AuthenticationManagerResolver,org.springframework.security.oauth2.jwt.JwtDecoder; SearchStrategy: all) found beans of type 'org.springframework.security.authentication.AuthenticationManager' authenticationManager and found beans of type 'org.springframework.security.core.userdetails.UserDetailsService' userDetailsServiceImpl and found beans of type 'org.springframework.security.authentication.AuthenticationProvider' authenticationProvider (OnBeanCondition)
      Matched:
         - @ConditionalOnClass found required class 'org.springframework.security.authentication.AuthenticationManager' (OnClassCondition)
         - found 'session' scope (OnWebApplicationCondition)
         - AnyNestedCondition 1 matched 2 did not; NestedCondition on UserDetailsServiceAutoConfiguration.MissingAlternativeOrUserPropertiesConfigured.PasswordConfigured @ConditionalOnProperty (spring.security.user.password) did not find property 'password'; NestedCondition on UserDetailsServiceAutoConfiguration.MissingAlternativeOrUserPropertiesConfigured.NameConfigured @ConditionalOnProperty (spring.security.user.name) did not find property 'name'; NestedCondition on UserDetailsServiceAutoConfiguration.MissingAlternativeOrUserPropertiesConfigured.MissingAlternative @ConditionalOnMissingClass did not find unwanted classes 'org.springframework.security.oauth2.client.registration.ClientRegistrationRepository', 'org.springframework.security.oauth2.server.resource.introspection.OpaqueTokenIntrospector', 'org.springframework.security.saml2.provider.service.registration.RelyingPartyRegistrationRepository' (UserDetailsServiceAutoConfiguration.MissingAlternativeOrUserPropertiesConfigured)


Exclusions:
-----------

    None


Unconditional classes:
----------------------

    None



2026-03-24 12:45:59 [restartedMain] INFO  o.s.d.r.c.RepositoryConfigurationDelegate - Bootstrapping Spring Data JPA repositories in DEFAULT mode.
2026-03-24 12:46:00 [restartedMain] INFO  o.s.d.r.c.RepositoryConfigurationDelegate - Finished Spring Data repository scanning in 1119 ms. Found 13 JPA repository interfaces.
2026-03-24 12:46:04 [restartedMain] INFO  o.s.b.w.e.tomcat.TomcatWebServer - Tomcat initialized with port 8084 (http)
2026-03-24 12:46:04 [restartedMain] INFO  o.a.coyote.http11.Http11NioProtocol - Initializing ProtocolHandler ["http-nio-0.0.0.0-8084"]
2026-03-24 12:46:04 [restartedMain] INFO  o.a.catalina.core.StandardService - Starting service [Tomcat]
2026-03-24 12:46:04 [restartedMain] INFO  o.a.catalina.core.StandardEngine - Starting Servlet engine: [Apache Tomcat/10.1.34]
2026-03-24 12:46:04 [restartedMain] INFO  o.a.c.c.C.[Tomcat].[localhost].[/] - Initializing Spring embedded WebApplicationContext
2026-03-24 12:46:04 [restartedMain] INFO  o.s.b.w.s.c.ServletWebServerApplicationContext - Root WebApplicationContext: initialization completed in 13075 ms
2026-03-24 12:46:05 [restartedMain] INFO  o.h.jpa.internal.util.LogHelper - HHH000204: Processing PersistenceUnitInfo [name: default]
2026-03-24 12:46:06 [restartedMain] INFO  org.hibernate.Version - HHH000412: Hibernate ORM core version 6.6.4.Final
2026-03-24 12:46:06 [restartedMain] INFO  o.h.s.integration.SpatialService - HHH80000001: hibernate-spatial integration enabled : true
2026-03-24 12:46:06 [restartedMain] INFO  o.h.c.i.RegionFactoryInitiator - HHH000026: Second-level cache disabled
2026-03-24 12:46:06 [restartedMain] INFO  com.zaxxer.hikari.HikariDataSource - HikariPool-1 - Starting...
2026-03-24 12:46:08 [restartedMain] INFO  com.zaxxer.hikari.pool.HikariPool - HikariPool-1 - Added connection org.postgresql.jdbc.PgConnection@4ad91aa5
2026-03-24 12:46:08 [restartedMain] INFO  com.zaxxer.hikari.HikariDataSource - HikariPool-1 - Start completed.
2026-03-24 12:46:08 [restartedMain] WARN  org.hibernate.orm.deprecation - HHH90000025: PostgreSQLDialect does not need to be specified explicitly using 'hibernate.dialect' (remove the property setting and it will be selected by default)
2026-03-24 12:46:08 [restartedMain] INFO  o.hibernate.orm.connections.pooling - HHH10001005: Database info:
	Database JDBC URL [Connecting through datasource 'HikariDataSource (HikariPool-1)']
	Database driver: undefined/unknown
	Database version: 17.4
	Autocommit mode: undefined/unknown
	Isolation level: undefined/unknown
	Minimum pool size: undefined/unknown
	Maximum pool size: undefined/unknown
2026-03-24 12:46:08 [restartedMain] INFO  org.hibernate.spatial - HHH80000003: hibernate-spatial adding type contributions from : org.hibernate.spatial.dialect.postgis.PostgisDialectContributor
2026-03-24 12:46:09 [restartedMain] INFO  o.s.o.j.p.SpringPersistenceUnitInfo - No LoadTimeWeaver setup: ignoring JPA class transformer
2026-03-24 12:46:09 [restartedMain] INFO  org.hibernate.spatial - HHH80000003: hibernate-spatial adding type contributions from : org.hibernate.spatial.dialect.postgis.PostgisDialectContributor
2026-03-24 12:46:11 [restartedMain] INFO  org.hibernate.spatial - HHH80000004: hibernate-spatial adding function contributions from : org.hibernate.spatial.dialect.postgis.PostgisDialectContributor
2026-03-24 12:46:13 [restartedMain] INFO  o.h.e.t.j.p.i.JtaPlatformInitiator - HHH000489: No JTA platform available (set 'hibernate.transaction.jta.platform' to enable JTA platform integration)
2026-03-24 12:46:14 [restartedMain] INFO  o.s.o.j.LocalContainerEntityManagerFactoryBean - Initialized JPA EntityManagerFactory for persistence unit 'default'
2026-03-24 12:46:15 [restartedMain] DEBUG c.c.security.JwtAuthenticationFilter - Filter 'authenticationJwtTokenFilter' configured for use
2026-03-24 12:46:16 [restartedMain] INFO  o.s.s.c.a.a.c.InitializeAuthenticationProviderBeanManagerConfigurer$InitializeAuthenticationProviderManagerConfigurer - Global AuthenticationManager configured with AuthenticationProvider bean with name authenticationProvider
2026-03-24 12:46:16 [restartedMain] WARN  o.s.s.c.a.a.c.InitializeUserDetailsBeanManagerConfigurer$InitializeUserDetailsManagerConfigurer - Global AuthenticationManager configured with an AuthenticationProvider bean. UserDetailsService beans will not be used by Spring Security for automatically configuring username/password login. Consider removing the AuthenticationProvider bean. Alternatively, consider using the UserDetailsService in a manually instantiated DaoAuthenticationProvider. If the current configuration is intentional, to turn off this warning, increase the logging level of 'org.springframework.security.config.annotation.authentication.configuration.InitializeUserDetailsBeanManagerConfigurer' to ERROR
2026-03-24 12:46:16 [restartedMain] INFO  o.s.d.j.r.query.QueryEnhancerFactory - Hibernate is in classpath; If applicable, HQL parser will be used.
2026-03-24 12:46:20 [restartedMain] WARN  o.s.b.a.o.j.JpaBaseConfiguration$JpaWebConfiguration - spring.jpa.open-in-view is enabled by default. Therefore, database queries may be performed during view rendering. Explicitly configure spring.jpa.open-in-view to disable this warning
2026-03-24 12:46:22 [restartedMain] INFO  o.s.b.a.e.web.EndpointLinksResolver - Exposing 1 endpoint beneath base path '/actuator'
2026-03-24 12:46:23 [restartedMain] WARN  o.s.b.a.t.ThymeleafAutoConfiguration$DefaultTemplateResolverConfiguration - Cannot find template location: classpath:/templates/ (please add some templates, check your Thymeleaf configuration, or set spring.thymeleaf.check-template-location=false)
2026-03-24 12:46:24 [restartedMain] WARN  o.s.b.d.a.OptionalLiveReloadServer - Unable to start LiveReload server
2026-03-24 12:46:25 [restartedMain] INFO  o.a.coyote.http11.Http11NioProtocol - Starting ProtocolHandler ["http-nio-0.0.0.0-8084"]
2026-03-24 12:46:25 [restartedMain] WARN  o.s.b.w.s.c.AnnotationConfigServletWebServerApplicationContext - Exception encountered during context initialization - cancelling refresh attempt: org.springframework.context.ApplicationContextException: Failed to start bean 'webServerStartStop'
2026-03-24 12:46:25 [restartedMain] INFO  o.s.o.j.LocalContainerEntityManagerFactoryBean - Closing JPA EntityManagerFactory for persistence unit 'default'
2026-03-24 12:46:25 [restartedMain] INFO  com.zaxxer.hikari.HikariDataSource - HikariPool-1 - Shutdown initiated...
2026-03-24 12:46:25 [restartedMain] INFO  com.zaxxer.hikari.HikariDataSource - HikariPool-1 - Shutdown completed.
2026-03-24 12:46:25 [restartedMain] INFO  o.s.b.a.l.ConditionEvaluationReportLogger - 

Error starting ApplicationContext. To display the condition evaluation report re-run your application with 'debug' enabled.
2026-03-24 12:46:25 [restartedMain] ERROR o.s.b.d.LoggingFailureAnalysisReporter - 

***************************
APPLICATION FAILED TO START
***************************

Description:

Web server failed to start. Port 8084 was already in use.

Action:

Identify and stop the process that's listening on port 8084 or configure this application to listen on another port.

2026-03-24 12:48:29 [http-nio-0.0.0.0-8084-exec-3] INFO  o.a.c.c.C.[Tomcat].[localhost].[/] - Initializing Spring DispatcherServlet 'dispatcherServlet'
2026-03-24 12:48:29 [http-nio-0.0.0.0-8084-exec-3] INFO  o.s.web.servlet.DispatcherServlet - Initializing Servlet 'dispatcherServlet'
2026-03-24 12:48:29 [http-nio-0.0.0.0-8084-exec-3] INFO  o.s.web.servlet.DispatcherServlet - Completed initialization in 4 ms
2026-03-24 12:48:30 [http-nio-0.0.0.0-8084-exec-1] INFO  c.c.controllers.CategorieController - Requête pour lister toutes les catégories
2026-03-24 12:48:30 [http-nio-0.0.0.0-8084-exec-3] INFO  c.c.controllers.CommerceController - Requête de recherche multicritères
2026-03-24 12:48:30 [http-nio-0.0.0.0-8084-exec-1] DEBUG c.c.s.i.CategorieServiceImpl - Récupération de toutes les catégories
2026-03-24 12:48:30 [http-nio-0.0.0.0-8084-exec-3] INFO  c.c.s.i.CommerceServiceImpl - Recherche avancée: nom=null, ville=null, proximité=10.0km
2026-03-24 12:49:49 [http-nio-0.0.0.0-8084-exec-6] INFO  c.c.c.UtilisateurController - Requête d'inscription pour un nouveau commerçant: test@example.com
2026-03-24 12:49:49 [http-nio-0.0.0.0-8084-exec-6] INFO  c.c.s.i.UtilisateurServiceImpl - Inscription d'un nouveau commerçant: test@example.com
2026-03-24 12:49:49 [http-nio-0.0.0.0-8084-exec-6] WARN  o.h.a.i.UnresolvedEntityInsertActions - HHH000437: Attempting to save one or more entities that have a non-nullable association with an unsaved transient entity. The unsaved transient entity must be saved in an operation prior to saving these dependent entities.
	Unsaved transient entity: ([com.carrefourconnect.entities.Role#<null>])
	Dependent entities: ([[com.carrefourconnect.entities.Commercant#05df83ba-3e3e-4eaf-a58d-048a6e07730d]])
	Non-nullable association(s): ([com.carrefourconnect.entities.Commercant.role])
2026-03-24 12:49:50 [http-nio-0.0.0.0-8084-exec-6] ERROR c.c.c.UtilisateurController - Erreur lors de l'inscription du commerçant test@example.com: org.hibernate.TransientPropertyValueException: Not-null property references a transient value - transient instance must be saved before current operation: com.carrefourconnect.entities.Commercant.role -> com.carrefourconnect.entities.Role
2026-03-24 12:50:06 [http-nio-0.0.0.0-8084-exec-9] INFO  c.c.c.UtilisateurController - Requête d'inscription pour un nouveau commerçant: test@gmail.com
2026-03-24 12:50:06 [http-nio-0.0.0.0-8084-exec-9] INFO  c.c.s.i.UtilisateurServiceImpl - Inscription d'un nouveau commerçant: test@gmail.com
2026-03-24 12:50:06 [http-nio-0.0.0.0-8084-exec-9] WARN  o.h.a.i.UnresolvedEntityInsertActions - HHH000437: Attempting to save one or more entities that have a non-nullable association with an unsaved transient entity. The unsaved transient entity must be saved in an operation prior to saving these dependent entities.
	Unsaved transient entity: ([com.carrefourconnect.entities.Role#<null>])
	Dependent entities: ([[com.carrefourconnect.entities.Commercant#2057a0f9-fb4d-44bb-b469-b19659c14f0d]])
	Non-nullable association(s): ([com.carrefourconnect.entities.Commercant.role])
2026-03-24 12:50:06 [http-nio-0.0.0.0-8084-exec-9] ERROR c.c.c.UtilisateurController - Erreur lors de l'inscription du commerçant test@gmail.com: org.hibernate.TransientPropertyValueException: Not-null property references a transient value - transient instance must be saved before current operation: com.carrefourconnect.entities.Commercant.role -> com.carrefourconnect.entities.Role
2026-03-24 12:53:24 [File Watcher] INFO  o.s.b.d.a.LocalDevToolsAutoConfiguration$RestartingClassPathChangeChangedEventListener - Restarting due to 129 class path changes (0 additions, 129 deletions, 0 modifications)
2026-03-24 12:53:24 [Thread-13] INFO  o.s.b.w.e.tomcat.GracefulShutdown - Commencing graceful shutdown. Waiting for active requests to complete
2026-03-24 12:53:24 [tomcat-shutdown] INFO  o.a.coyote.http11.Http11NioProtocol - Pausing ProtocolHandler ["http-nio-0.0.0.0-8084"]
2026-03-24 12:53:25 [tomcat-shutdown] INFO  o.s.b.w.e.tomcat.GracefulShutdown - Graceful shutdown complete
2026-03-24 12:53:25 [Thread-13] INFO  o.a.coyote.http11.Http11NioProtocol - Stopping ProtocolHandler ["http-nio-0.0.0.0-8084"]
2026-03-24 12:53:25 [Thread-13] INFO  o.s.o.j.LocalContainerEntityManagerFactoryBean - Closing JPA EntityManagerFactory for persistence unit 'default'
2026-03-24 12:53:25 [Thread-13] INFO  com.zaxxer.hikari.HikariDataSource - HikariPool-3 - Shutdown initiated...
2026-03-24 12:53:25 [Thread-13] INFO  com.zaxxer.hikari.HikariDataSource - HikariPool-3 - Shutdown completed.
2026-03-24 12:53:26 [restartedMain] INFO  c.c.CarrefourconnectApplication - Starting CarrefourconnectApplication using Java 17.0.15 with PID 7148 (C:\Users\Darryl\Desktop\ProjetTutore\carrefourconnect\backend\target\classes started by Darryl in C:\Users\Darryl\Desktop\ProjetTutore\carrefourconnect\backend)
2026-03-24 12:53:26 [restartedMain] DEBUG c.c.CarrefourconnectApplication - Running with Spring Boot v3.4.1, Spring v6.2.1
2026-03-24 12:53:26 [restartedMain] INFO  c.c.CarrefourconnectApplication - No active profile set, falling back to 1 default profile: "default"
2026-03-24 12:53:27 [restartedMain] INFO  o.s.d.r.c.RepositoryConfigurationDelegate - Bootstrapping Spring Data JPA repositories in DEFAULT mode.
2026-03-24 12:53:27 [restartedMain] INFO  o.s.d.r.c.RepositoryConfigurationDelegate - Finished Spring Data repository scanning in 7 ms. Found 0 JPA repository interfaces.
2026-03-24 12:53:28 [restartedMain] INFO  o.s.b.w.e.tomcat.TomcatWebServer - Tomcat initialized with port 8084 (http)
2026-03-24 12:53:28 [restartedMain] INFO  o.a.coyote.http11.Http11NioProtocol - Initializing ProtocolHandler ["http-nio-0.0.0.0-8084"]
2026-03-24 12:53:28 [restartedMain] INFO  o.a.catalina.core.StandardService - Starting service [Tomcat]
2026-03-24 12:53:28 [restartedMain] INFO  o.a.catalina.core.StandardEngine - Starting Servlet engine: [Apache Tomcat/10.1.34]
2026-03-24 12:53:28 [restartedMain] INFO  o.a.c.c.C.[Tomcat].[localhost].[/] - Initializing Spring embedded WebApplicationContext
2026-03-24 12:53:28 [restartedMain] INFO  o.s.b.w.s.c.ServletWebServerApplicationContext - Root WebApplicationContext: initialization completed in 1754 ms
2026-03-24 12:53:28 [restartedMain] INFO  o.h.jpa.internal.util.LogHelper - HHH000204: Processing PersistenceUnitInfo [name: default]
2026-03-24 12:53:28 [restartedMain] INFO  o.h.s.integration.SpatialService - HHH80000001: hibernate-spatial integration enabled : true
2026-03-24 12:53:28 [restartedMain] INFO  o.h.c.i.RegionFactoryInitiator - HHH000026: Second-level cache disabled
2026-03-24 12:53:28 [restartedMain] INFO  com.zaxxer.hikari.HikariDataSource - HikariPool-4 - Starting...
2026-03-24 12:53:28 [restartedMain] INFO  com.zaxxer.hikari.pool.HikariPool - HikariPool-4 - Added connection org.postgresql.jdbc.PgConnection@65a2529a
2026-03-24 12:53:28 [restartedMain] INFO  com.zaxxer.hikari.HikariDataSource - HikariPool-4 - Start completed.
2026-03-24 12:53:29 [restartedMain] WARN  org.hibernate.orm.deprecation - HHH90000025: PostgreSQLDialect does not need to be specified explicitly using 'hibernate.dialect' (remove the property setting and it will be selected by default)
2026-03-24 12:53:29 [restartedMain] INFO  o.hibernate.orm.connections.pooling - HHH10001005: Database info:
	Database JDBC URL [Connecting through datasource 'HikariDataSource (HikariPool-4)']
	Database driver: undefined/unknown
	Database version: 17.4
	Autocommit mode: undefined/unknown
	Isolation level: undefined/unknown
	Minimum pool size: undefined/unknown
	Maximum pool size: undefined/unknown
2026-03-24 12:53:29 [restartedMain] INFO  org.hibernate.spatial - HHH80000003: hibernate-spatial adding type contributions from : org.hibernate.spatial.dialect.postgis.PostgisDialectContributor
2026-03-24 12:53:29 [restartedMain] INFO  o.s.o.j.p.SpringPersistenceUnitInfo - No LoadTimeWeaver setup: ignoring JPA class transformer
2026-03-24 12:53:29 [restartedMain] INFO  org.hibernate.spatial - HHH80000003: hibernate-spatial adding type contributions from : org.hibernate.spatial.dialect.postgis.PostgisDialectContributor
2026-03-24 12:53:29 [restartedMain] INFO  org.hibernate.spatial - HHH80000004: hibernate-spatial adding function contributions from : org.hibernate.spatial.dialect.postgis.PostgisDialectContributor
2026-03-24 12:53:29 [restartedMain] INFO  o.h.e.t.j.p.i.JtaPlatformInitiator - HHH000489: No JTA platform available (set 'hibernate.transaction.jta.platform' to enable JTA platform integration)
2026-03-24 12:53:29 [restartedMain] INFO  o.s.o.j.LocalContainerEntityManagerFactoryBean - Initialized JPA EntityManagerFactory for persistence unit 'default'
2026-03-24 12:53:30 [restartedMain] WARN  o.s.b.a.o.j.JpaBaseConfiguration$JpaWebConfiguration - spring.jpa.open-in-view is enabled by default. Therefore, database queries may be performed during view rendering. Explicitly configure spring.jpa.open-in-view to disable this warning
2026-03-24 12:53:30 [restartedMain] WARN  o.s.b.a.t.ThymeleafAutoConfiguration$DefaultTemplateResolverConfiguration - Cannot find template location: classpath:/templates/ (please add some templates, check your Thymeleaf configuration, or set spring.thymeleaf.check-template-location=false)
2026-03-24 12:53:31 [restartedMain] WARN  o.s.b.a.s.s.UserDetailsServiceAutoConfiguration - 

Using generated security password: 3407eeb1-e5ea-4351-8994-f0bdd12f0654

This generated password is for development use only. Your security configuration must be updated before running your application in production.

2026-03-24 12:53:31 [restartedMain] INFO  o.s.s.c.a.a.c.InitializeUserDetailsBeanManagerConfigurer$InitializeUserDetailsManagerConfigurer - Global AuthenticationManager configured with UserDetailsService bean with name inMemoryUserDetailsManager
2026-03-24 12:53:31 [restartedMain] INFO  o.s.b.a.e.web.EndpointLinksResolver - Exposing 1 endpoint beneath base path '/actuator'
2026-03-24 12:53:32 [restartedMain] INFO  o.s.b.d.a.OptionalLiveReloadServer - LiveReload server is running on port 35729
2026-03-24 12:53:32 [restartedMain] INFO  o.a.coyote.http11.Http11NioProtocol - Starting ProtocolHandler ["http-nio-0.0.0.0-8084"]
2026-03-24 12:53:32 [restartedMain] INFO  o.s.b.w.e.tomcat.TomcatWebServer - Tomcat started on port 8084 (http) with context path '/'
2026-03-24 12:53:32 [restartedMain] INFO  c.c.CarrefourconnectApplication - Started CarrefourconnectApplication in 5.997 seconds (process running for 5946.424)
2026-03-24 12:53:32 [restartedMain] INFO  o.s.b.d.a.ConditionEvaluationDeltaLoggingListener - Condition evaluation delta:


==========================
CONDITION EVALUATION DELTA
==========================


Positive matches:
-----------------

   ManagementWebSecurityAutoConfiguration matched:
      - found 'session' scope (OnWebApplicationCondition)
      - AllNestedConditions 2 matched 0 did not; NestedCondition on DefaultWebSecurityCondition.Beans @ConditionalOnMissingBean (types: org.springframework.security.web.SecurityFilterChain; SearchStrategy: all) did not find any beans; NestedCondition on DefaultWebSecurityCondition.Classes @ConditionalOnClass found required classes 'org.springframework.security.web.SecurityFilterChain', 'org.springframework.security.config.annotation.web.builders.HttpSecurity' (DefaultWebSecurityCondition)

   UserDetailsServiceAutoConfiguration matched:
      - @ConditionalOnClass found required class 'org.springframework.security.authentication.AuthenticationManager' (OnClassCondition)
      - found 'session' scope (OnWebApplicationCondition)
      - AnyNestedCondition 1 matched 2 did not; NestedCondition on UserDetailsServiceAutoConfiguration.MissingAlternativeOrUserPropertiesConfigured.PasswordConfigured @ConditionalOnProperty (spring.security.user.password) did not find property 'password'; NestedCondition on UserDetailsServiceAutoConfiguration.MissingAlternativeOrUserPropertiesConfigured.NameConfigured @ConditionalOnProperty (spring.security.user.name) did not find property 'name'; NestedCondition on UserDetailsServiceAutoConfiguration.MissingAlternativeOrUserPropertiesConfigured.MissingAlternative @ConditionalOnMissingClass did not find unwanted classes 'org.springframework.security.oauth2.client.registration.ClientRegistrationRepository', 'org.springframework.security.oauth2.server.resource.introspection.OpaqueTokenIntrospector', 'org.springframework.security.saml2.provider.service.registration.RelyingPartyRegistrationRepository' (UserDetailsServiceAutoConfiguration.MissingAlternativeOrUserPropertiesConfigured)
      - @ConditionalOnBean (types: org.springframework.security.config.ObjectPostProcessor; SearchStrategy: all) found beans 'objectPostProcessor', 'webAuthorizationManagerPostProcessor', 'filterChainDecoratorPostProcessor', 'authenticationManagerPostProcessor'; @ConditionalOnMissingBean (types: org.springframework.security.authentication.AuthenticationManager,org.springframework.security.authentication.AuthenticationProvider,org.springframework.security.core.userdetails.UserDetailsService,org.springframework.security.authentication.AuthenticationManagerResolver,org.springframework.security.oauth2.jwt.JwtDecoder; SearchStrategy: all) did not find any beans (OnBeanCondition)


Negative matches:
-----------------

    None


Exclusions:
-----------

    None


Unconditional classes:
----------------------

    None



2026-03-24 12:53:38 [File Watcher] INFO  o.s.b.d.a.LocalDevToolsAutoConfiguration$RestartingClassPathChangeChangedEventListener - Restarting due to 130 class path changes (130 additions, 0 deletions, 0 modifications)
2026-03-24 12:53:38 [Thread-18] INFO  o.s.b.w.e.tomcat.GracefulShutdown - Commencing graceful shutdown. Waiting for active requests to complete
2026-03-24 12:53:38 [tomcat-shutdown] INFO  o.a.coyote.http11.Http11NioProtocol - Pausing ProtocolHandler ["http-nio-0.0.0.0-8084"]
2026-03-24 12:53:38 [tomcat-shutdown] INFO  o.s.b.w.e.tomcat.GracefulShutdown - Graceful shutdown complete
2026-03-24 12:53:38 [Thread-18] INFO  o.a.coyote.http11.Http11NioProtocol - Stopping ProtocolHandler ["http-nio-0.0.0.0-8084"]
2026-03-24 12:53:38 [Thread-18] INFO  o.s.o.j.LocalContainerEntityManagerFactoryBean - Closing JPA EntityManagerFactory for persistence unit 'default'
2026-03-24 12:53:38 [Thread-18] INFO  com.zaxxer.hikari.HikariDataSource - HikariPool-4 - Shutdown initiated...
2026-03-24 12:53:38 [Thread-18] INFO  com.zaxxer.hikari.HikariDataSource - HikariPool-4 - Shutdown completed.
2026-03-24 12:53:38 [restartedMain] INFO  c.c.CarrefourconnectApplication - Starting CarrefourconnectApplication using Java 17.0.15 with PID 7148 (C:\Users\Darryl\Desktop\ProjetTutore\carrefourconnect\backend\target\classes started by Darryl in C:\Users\Darryl\Desktop\ProjetTutore\carrefourconnect\backend)
2026-03-24 12:53:38 [restartedMain] DEBUG c.c.CarrefourconnectApplication - Running with Spring Boot v3.4.1, Spring v6.2.1
2026-03-24 12:53:38 [restartedMain] INFO  c.c.CarrefourconnectApplication - No active profile set, falling back to 1 default profile: "default"
2026-03-24 12:53:40 [restartedMain] INFO  o.s.d.r.c.RepositoryConfigurationDelegate - Bootstrapping Spring Data JPA repositories in DEFAULT mode.
2026-03-24 12:53:40 [restartedMain] INFO  o.s.d.r.c.RepositoryConfigurationDelegate - Finished Spring Data repository scanning in 316 ms. Found 13 JPA repository interfaces.
2026-03-24 12:53:41 [restartedMain] INFO  o.s.b.w.e.tomcat.TomcatWebServer - Tomcat initialized with port 8084 (http)
2026-03-24 12:53:41 [restartedMain] INFO  o.a.coyote.http11.Http11NioProtocol - Initializing ProtocolHandler ["http-nio-0.0.0.0-8084"]
2026-03-24 12:53:41 [restartedMain] INFO  o.a.catalina.core.StandardService - Starting service [Tomcat]
2026-03-24 12:53:41 [restartedMain] INFO  o.a.catalina.core.StandardEngine - Starting Servlet engine: [Apache Tomcat/10.1.34]
2026-03-24 12:53:41 [restartedMain] INFO  o.a.c.c.C.[Tomcat].[localhost].[/] - Initializing Spring embedded WebApplicationContext
2026-03-24 12:53:41 [restartedMain] INFO  o.s.b.w.s.c.ServletWebServerApplicationContext - Root WebApplicationContext: initialization completed in 2611 ms
2026-03-24 12:53:41 [restartedMain] INFO  o.h.jpa.internal.util.LogHelper - HHH000204: Processing PersistenceUnitInfo [name: default]
2026-03-24 12:53:42 [restartedMain] INFO  o.h.s.integration.SpatialService - HHH80000001: hibernate-spatial integration enabled : true
2026-03-24 12:53:42 [restartedMain] INFO  o.h.c.i.RegionFactoryInitiator - HHH000026: Second-level cache disabled
2026-03-24 12:53:42 [restartedMain] INFO  com.zaxxer.hikari.HikariDataSource - HikariPool-5 - Starting...
2026-03-24 12:53:42 [restartedMain] INFO  com.zaxxer.hikari.pool.HikariPool - HikariPool-5 - Added connection org.postgresql.jdbc.PgConnection@7991aef5
2026-03-24 12:53:42 [restartedMain] INFO  com.zaxxer.hikari.HikariDataSource - HikariPool-5 - Start completed.
2026-03-24 12:53:42 [restartedMain] WARN  org.hibernate.orm.deprecation - HHH90000025: PostgreSQLDialect does not need to be specified explicitly using 'hibernate.dialect' (remove the property setting and it will be selected by default)
2026-03-24 12:53:42 [restartedMain] INFO  o.hibernate.orm.connections.pooling - HHH10001005: Database info:
	Database JDBC URL [Connecting through datasource 'HikariDataSource (HikariPool-5)']
	Database driver: undefined/unknown
	Database version: 17.4
	Autocommit mode: undefined/unknown
	Isolation level: undefined/unknown
	Minimum pool size: undefined/unknown
	Maximum pool size: undefined/unknown
2026-03-24 12:53:42 [restartedMain] INFO  org.hibernate.spatial - HHH80000003: hibernate-spatial adding type contributions from : org.hibernate.spatial.dialect.postgis.PostgisDialectContributor
2026-03-24 12:53:42 [restartedMain] INFO  o.s.o.j.p.SpringPersistenceUnitInfo - No LoadTimeWeaver setup: ignoring JPA class transformer
2026-03-24 12:53:42 [restartedMain] INFO  org.hibernate.spatial - HHH80000003: hibernate-spatial adding type contributions from : org.hibernate.spatial.dialect.postgis.PostgisDialectContributor
2026-03-24 12:53:42 [restartedMain] INFO  org.hibernate.spatial - HHH80000004: hibernate-spatial adding function contributions from : org.hibernate.spatial.dialect.postgis.PostgisDialectContributor
2026-03-24 12:53:42 [restartedMain] INFO  o.h.e.t.j.p.i.JtaPlatformInitiator - HHH000489: No JTA platform available (set 'hibernate.transaction.jta.platform' to enable JTA platform integration)
2026-03-24 12:53:43 [restartedMain] INFO  o.s.o.j.LocalContainerEntityManagerFactoryBean - Initialized JPA EntityManagerFactory for persistence unit 'default'
2026-03-24 12:53:43 [restartedMain] DEBUG c.c.security.JwtAuthenticationFilter - Filter 'authenticationJwtTokenFilter' configured for use
2026-03-24 12:53:43 [restartedMain] INFO  o.s.s.c.a.a.c.InitializeAuthenticationProviderBeanManagerConfigurer$InitializeAuthenticationProviderManagerConfigurer - Global AuthenticationManager configured with AuthenticationProvider bean with name authenticationProvider
2026-03-24 12:53:43 [restartedMain] WARN  o.s.s.c.a.a.c.InitializeUserDetailsBeanManagerConfigurer$InitializeUserDetailsManagerConfigurer - Global AuthenticationManager configured with an AuthenticationProvider bean. UserDetailsService beans will not be used by Spring Security for automatically configuring username/password login. Consider removing the AuthenticationProvider bean. Alternatively, consider using the UserDetailsService in a manually instantiated DaoAuthenticationProvider. If the current configuration is intentional, to turn off this warning, increase the logging level of 'org.springframework.security.config.annotation.authentication.configuration.InitializeUserDetailsBeanManagerConfigurer' to ERROR
2026-03-24 12:53:44 [background-preinit] INFO  o.h.validator.internal.util.Version - HV000001: Hibernate Validator 8.0.2.Final
2026-03-24 12:53:44 [restartedMain] INFO  c.c.CarrefourconnectApplication - Starting CarrefourconnectApplication using Java 17.0.15 with PID 25840 (C:\Users\Darryl\Desktop\ProjetTutore\carrefourconnect\backend\target\classes started by Darryl in C:\Users\Darryl\Desktop\ProjetTutore\carrefourconnect\backend)
2026-03-24 12:53:44 [restartedMain] DEBUG c.c.CarrefourconnectApplication - Running with Spring Boot v3.4.1, Spring v6.2.1
2026-03-24 12:53:44 [restartedMain] INFO  c.c.CarrefourconnectApplication - No active profile set, falling back to 1 default profile: "default"
2026-03-24 12:53:44 [restartedMain] WARN  o.s.b.a.o.j.JpaBaseConfiguration$JpaWebConfiguration - spring.jpa.open-in-view is enabled by default. Therefore, database queries may be performed during view rendering. Explicitly configure spring.jpa.open-in-view to disable this warning
2026-03-24 12:53:44 [restartedMain] INFO  o.s.b.d.e.DevToolsPropertyDefaultsPostProcessor - Devtools property defaults active! Set 'spring.devtools.add-properties' to 'false' to disable
2026-03-24 12:53:44 [restartedMain] INFO  o.s.b.d.e.DevToolsPropertyDefaultsPostProcessor - For additional web related logging consider setting the 'logging.level.web' property to 'DEBUG'
2026-03-24 12:53:46 [restartedMain] INFO  o.s.b.a.e.web.EndpointLinksResolver - Exposing 1 endpoint beneath base path '/actuator'
2026-03-24 12:53:46 [restartedMain] WARN  o.s.b.a.t.ThymeleafAutoConfiguration$DefaultTemplateResolverConfiguration - Cannot find template location: classpath:/templates/ (please add some templates, check your Thymeleaf configuration, or set spring.thymeleaf.check-template-location=false)
2026-03-24 12:53:47 [restartedMain] INFO  o.s.b.d.a.OptionalLiveReloadServer - LiveReload server is running on port 35729
2026-03-24 12:53:47 [restartedMain] INFO  o.a.coyote.http11.Http11NioProtocol - Starting ProtocolHandler ["http-nio-0.0.0.0-8084"]
2026-03-24 12:53:47 [restartedMain] INFO  o.s.b.w.e.tomcat.TomcatWebServer - Tomcat started on port 8084 (http) with context path '/'
2026-03-24 12:53:47 [restartedMain] INFO  c.c.CarrefourconnectApplication - Started CarrefourconnectApplication in 9.106 seconds (process running for 5961.826)
2026-03-24 12:53:47 [restartedMain] INFO  c.c.config.DataInitializer - Vérification et initialisation des rôles...
2026-03-24 12:53:48 [restartedMain] INFO  c.c.config.DataInitializer - Création du rôle : COMMERCANT
2026-03-24 12:53:48 [restartedMain] INFO  c.c.config.DataInitializer - Création du rôle : VISITEUR
2026-03-24 12:53:48 [restartedMain] INFO  c.c.config.DataInitializer - Initialisation des rôles terminée.
2026-03-24 12:53:48 [restartedMain] INFO  o.s.b.d.a.ConditionEvaluationDeltaLoggingListener - Condition evaluation delta:


==========================
CONDITION EVALUATION DELTA
==========================


Positive matches:
-----------------

    None


Negative matches:
-----------------

   ManagementWebSecurityAutoConfiguration:
      Did not match:
         - AllNestedConditions 1 matched 1 did not; NestedCondition on DefaultWebSecurityCondition.Beans @ConditionalOnMissingBean (types: org.springframework.security.web.SecurityFilterChain; SearchStrategy: all) found beans of type 'org.springframework.security.web.SecurityFilterChain' filterChain; NestedCondition on DefaultWebSecurityCondition.Classes @ConditionalOnClass found required classes 'org.springframework.security.web.SecurityFilterChain', 'org.springframework.security.config.annotation.web.builders.HttpSecurity' (DefaultWebSecurityCondition)
      Matched:
         - found 'session' scope (OnWebApplicationCondition)

   UserDetailsServiceAutoConfiguration:
      Did not match:
         - @ConditionalOnMissingBean (types: org.springframework.security.authentication.AuthenticationManager,org.springframework.security.authentication.AuthenticationProvider,org.springframework.security.core.userdetails.UserDetailsService,org.springframework.security.authentication.AuthenticationManagerResolver,org.springframework.security.oauth2.jwt.JwtDecoder; SearchStrategy: all) found beans of type 'org.springframework.security.authentication.AuthenticationManager' authenticationManager and found beans of type 'org.springframework.security.core.userdetails.UserDetailsService' userDetailsServiceImpl and found beans of type 'org.springframework.security.authentication.AuthenticationProvider' authenticationProvider (OnBeanCondition)
      Matched:
         - @ConditionalOnClass found required class 'org.springframework.security.authentication.AuthenticationManager' (OnClassCondition)
         - found 'session' scope (OnWebApplicationCondition)
         - AnyNestedCondition 1 matched 2 did not; NestedCondition on UserDetailsServiceAutoConfiguration.MissingAlternativeOrUserPropertiesConfigured.PasswordConfigured @ConditionalOnProperty (spring.security.user.password) did not find property 'password'; NestedCondition on UserDetailsServiceAutoConfiguration.MissingAlternativeOrUserPropertiesConfigured.NameConfigured @ConditionalOnProperty (spring.security.user.name) did not find property 'name'; NestedCondition on UserDetailsServiceAutoConfiguration.MissingAlternativeOrUserPropertiesConfigured.MissingAlternative @ConditionalOnMissingClass did not find unwanted classes 'org.springframework.security.oauth2.client.registration.ClientRegistrationRepository', 'org.springframework.security.oauth2.server.resource.introspection.OpaqueTokenIntrospector', 'org.springframework.security.saml2.provider.service.registration.RelyingPartyRegistrationRepository' (UserDetailsServiceAutoConfiguration.MissingAlternativeOrUserPropertiesConfigured)


Exclusions:
-----------

    None


Unconditional classes:
----------------------

    None



2026-03-24 12:53:49 [restartedMain] INFO  o.s.d.r.c.RepositoryConfigurationDelegate - Bootstrapping Spring Data JPA repositories in DEFAULT mode.
2026-03-24 12:53:49 [restartedMain] INFO  o.s.d.r.c.RepositoryConfigurationDelegate - Finished Spring Data repository scanning in 522 ms. Found 13 JPA repository interfaces.
2026-03-24 12:53:52 [restartedMain] INFO  o.s.b.w.e.tomcat.TomcatWebServer - Tomcat initialized with port 8084 (http)
2026-03-24 12:53:52 [restartedMain] INFO  o.a.coyote.http11.Http11NioProtocol - Initializing ProtocolHandler ["http-nio-0.0.0.0-8084"]
2026-03-24 12:53:52 [restartedMain] INFO  o.a.catalina.core.StandardService - Starting service [Tomcat]
2026-03-24 12:53:52 [restartedMain] INFO  o.a.catalina.core.StandardEngine - Starting Servlet engine: [Apache Tomcat/10.1.34]
2026-03-24 12:53:52 [restartedMain] INFO  o.a.c.c.C.[Tomcat].[localhost].[/] - Initializing Spring embedded WebApplicationContext
2026-03-24 12:53:52 [restartedMain] INFO  o.s.b.w.s.c.ServletWebServerApplicationContext - Root WebApplicationContext: initialization completed in 7443 ms
2026-03-24 12:53:53 [restartedMain] INFO  o.h.jpa.internal.util.LogHelper - HHH000204: Processing PersistenceUnitInfo [name: default]
2026-03-24 12:53:53 [restartedMain] INFO  org.hibernate.Version - HHH000412: Hibernate ORM core version 6.6.4.Final
2026-03-24 12:53:53 [restartedMain] INFO  o.h.s.integration.SpatialService - HHH80000001: hibernate-spatial integration enabled : true
2026-03-24 12:53:53 [restartedMain] INFO  o.h.c.i.RegionFactoryInitiator - HHH000026: Second-level cache disabled
2026-03-24 12:53:53 [restartedMain] INFO  com.zaxxer.hikari.HikariDataSource - HikariPool-1 - Starting...
2026-03-24 12:53:54 [restartedMain] INFO  com.zaxxer.hikari.pool.HikariPool - HikariPool-1 - Added connection org.postgresql.jdbc.PgConnection@59e47c06
2026-03-24 12:53:54 [restartedMain] INFO  com.zaxxer.hikari.HikariDataSource - HikariPool-1 - Start completed.
2026-03-24 12:53:54 [restartedMain] WARN  org.hibernate.orm.deprecation - HHH90000025: PostgreSQLDialect does not need to be specified explicitly using 'hibernate.dialect' (remove the property setting and it will be selected by default)
2026-03-24 12:53:54 [restartedMain] INFO  o.hibernate.orm.connections.pooling - HHH10001005: Database info:
	Database JDBC URL [Connecting through datasource 'HikariDataSource (HikariPool-1)']
	Database driver: undefined/unknown
	Database version: 17.4
	Autocommit mode: undefined/unknown
	Isolation level: undefined/unknown
	Minimum pool size: undefined/unknown
	Maximum pool size: undefined/unknown
2026-03-24 12:53:54 [restartedMain] INFO  org.hibernate.spatial - HHH80000003: hibernate-spatial adding type contributions from : org.hibernate.spatial.dialect.postgis.PostgisDialectContributor
2026-03-24 12:53:54 [restartedMain] INFO  o.s.o.j.p.SpringPersistenceUnitInfo - No LoadTimeWeaver setup: ignoring JPA class transformer
2026-03-24 12:53:55 [restartedMain] INFO  org.hibernate.spatial - HHH80000003: hibernate-spatial adding type contributions from : org.hibernate.spatial.dialect.postgis.PostgisDialectContributor
2026-03-24 12:53:56 [restartedMain] INFO  org.hibernate.spatial - HHH80000004: hibernate-spatial adding function contributions from : org.hibernate.spatial.dialect.postgis.PostgisDialectContributor
2026-03-24 12:53:58 [restartedMain] INFO  o.h.e.t.j.p.i.JtaPlatformInitiator - HHH000489: No JTA platform available (set 'hibernate.transaction.jta.platform' to enable JTA platform integration)
2026-03-24 12:53:58 [restartedMain] INFO  o.s.o.j.LocalContainerEntityManagerFactoryBean - Initialized JPA EntityManagerFactory for persistence unit 'default'
2026-03-24 12:53:59 [restartedMain] DEBUG c.c.security.JwtAuthenticationFilter - Filter 'authenticationJwtTokenFilter' configured for use
2026-03-24 12:53:59 [restartedMain] INFO  o.s.s.c.a.a.c.InitializeAuthenticationProviderBeanManagerConfigurer$InitializeAuthenticationProviderManagerConfigurer - Global AuthenticationManager configured with AuthenticationProvider bean with name authenticationProvider
2026-03-24 12:53:59 [restartedMain] WARN  o.s.s.c.a.a.c.InitializeUserDetailsBeanManagerConfigurer$InitializeUserDetailsManagerConfigurer - Global AuthenticationManager configured with an AuthenticationProvider bean. UserDetailsService beans will not be used by Spring Security for automatically configuring username/password login. Consider removing the AuthenticationProvider bean. Alternatively, consider using the UserDetailsService in a manually instantiated DaoAuthenticationProvider. If the current configuration is intentional, to turn off this warning, increase the logging level of 'org.springframework.security.config.annotation.authentication.configuration.InitializeUserDetailsBeanManagerConfigurer' to ERROR
2026-03-24 12:54:00 [restartedMain] INFO  o.s.d.j.r.query.QueryEnhancerFactory - Hibernate is in classpath; If applicable, HQL parser will be used.
2026-03-24 12:54:02 [restartedMain] WARN  o.s.b.a.o.j.JpaBaseConfiguration$JpaWebConfiguration - spring.jpa.open-in-view is enabled by default. Therefore, database queries may be performed during view rendering. Explicitly configure spring.jpa.open-in-view to disable this warning
2026-03-24 12:54:03 [restartedMain] INFO  o.s.b.a.e.web.EndpointLinksResolver - Exposing 1 endpoint beneath base path '/actuator'
2026-03-24 12:54:04 [restartedMain] WARN  o.s.b.a.t.ThymeleafAutoConfiguration$DefaultTemplateResolverConfiguration - Cannot find template location: classpath:/templates/ (please add some templates, check your Thymeleaf configuration, or set spring.thymeleaf.check-template-location=false)
2026-03-24 12:54:05 [restartedMain] WARN  o.s.b.d.a.OptionalLiveReloadServer - Unable to start LiveReload server
2026-03-24 12:54:06 [restartedMain] INFO  o.a.coyote.http11.Http11NioProtocol - Starting ProtocolHandler ["http-nio-0.0.0.0-8084"]
2026-03-24 12:54:06 [restartedMain] WARN  o.s.b.w.s.c.AnnotationConfigServletWebServerApplicationContext - Exception encountered during context initialization - cancelling refresh attempt: org.springframework.context.ApplicationContextException: Failed to start bean 'webServerStartStop'
2026-03-24 12:54:06 [restartedMain] INFO  o.s.o.j.LocalContainerEntityManagerFactoryBean - Closing JPA EntityManagerFactory for persistence unit 'default'
2026-03-24 12:54:06 [restartedMain] INFO  com.zaxxer.hikari.HikariDataSource - HikariPool-1 - Shutdown initiated...
2026-03-24 12:54:06 [restartedMain] INFO  com.zaxxer.hikari.HikariDataSource - HikariPool-1 - Shutdown completed.
2026-03-24 12:54:06 [restartedMain] INFO  o.s.b.a.l.ConditionEvaluationReportLogger - 

Error starting ApplicationContext. To display the condition evaluation report re-run your application with 'debug' enabled.
2026-03-24 12:54:06 [restartedMain] ERROR o.s.b.d.LoggingFailureAnalysisReporter - 

***************************
APPLICATION FAILED TO START
***************************

Description:

Web server failed to start. Port 8084 was already in use.

Action:

Identify and stop the process that's listening on port 8084 or configure this application to listen on another port.

2026-03-24 12:54:48 [background-preinit] INFO  o.h.validator.internal.util.Version - HV000001: Hibernate Validator 8.0.2.Final
2026-03-24 12:54:48 [restartedMain] INFO  c.c.CarrefourconnectApplication - Starting CarrefourconnectApplication using Java 17.0.15 with PID 21704 (C:\Users\Darryl\Desktop\ProjetTutore\carrefourconnect\backend\target\classes started by Darryl in C:\Users\Darryl\Desktop\ProjetTutore\carrefourconnect\backend)
2026-03-24 12:54:48 [restartedMain] DEBUG c.c.CarrefourconnectApplication - Running with Spring Boot v3.4.1, Spring v6.2.1
2026-03-24 12:54:48 [restartedMain] INFO  c.c.CarrefourconnectApplication - No active profile set, falling back to 1 default profile: "default"
2026-03-24 12:54:48 [restartedMain] INFO  o.s.b.d.e.DevToolsPropertyDefaultsPostProcessor - Devtools property defaults active! Set 'spring.devtools.add-properties' to 'false' to disable
2026-03-24 12:54:48 [restartedMain] INFO  o.s.b.d.e.DevToolsPropertyDefaultsPostProcessor - For additional web related logging consider setting the 'logging.level.web' property to 'DEBUG'
2026-03-24 12:54:50 [restartedMain] INFO  o.s.d.r.c.RepositoryConfigurationDelegate - Bootstrapping Spring Data JPA repositories in DEFAULT mode.
2026-03-24 12:54:50 [restartedMain] INFO  o.s.d.r.c.RepositoryConfigurationDelegate - Finished Spring Data repository scanning in 279 ms. Found 13 JPA repository interfaces.
2026-03-24 12:54:51 [restartedMain] INFO  o.s.b.w.e.tomcat.TomcatWebServer - Tomcat initialized with port 8084 (http)
2026-03-24 12:54:51 [restartedMain] INFO  o.a.coyote.http11.Http11NioProtocol - Initializing ProtocolHandler ["http-nio-0.0.0.0-8084"]
2026-03-24 12:54:51 [restartedMain] INFO  o.a.catalina.core.StandardService - Starting service [Tomcat]
2026-03-24 12:54:51 [restartedMain] INFO  o.a.catalina.core.StandardEngine - Starting Servlet engine: [Apache Tomcat/10.1.34]
2026-03-24 12:54:51 [restartedMain] INFO  o.a.c.c.C.[Tomcat].[localhost].[/] - Initializing Spring embedded WebApplicationContext
2026-03-24 12:54:51 [restartedMain] INFO  o.s.b.w.s.c.ServletWebServerApplicationContext - Root WebApplicationContext: initialization completed in 3107 ms
2026-03-24 12:54:51 [restartedMain] INFO  o.h.jpa.internal.util.LogHelper - HHH000204: Processing PersistenceUnitInfo [name: default]
2026-03-24 12:54:52 [restartedMain] INFO  org.hibernate.Version - HHH000412: Hibernate ORM core version 6.6.4.Final
2026-03-24 12:54:52 [restartedMain] INFO  o.h.s.integration.SpatialService - HHH80000001: hibernate-spatial integration enabled : true
2026-03-24 12:54:52 [restartedMain] INFO  o.h.c.i.RegionFactoryInitiator - HHH000026: Second-level cache disabled
2026-03-24 12:54:52 [restartedMain] INFO  com.zaxxer.hikari.HikariDataSource - HikariPool-1 - Starting...
2026-03-24 12:54:52 [restartedMain] INFO  com.zaxxer.hikari.pool.HikariPool - HikariPool-1 - Added connection org.postgresql.jdbc.PgConnection@59e47c06
2026-03-24 12:54:52 [restartedMain] INFO  com.zaxxer.hikari.HikariDataSource - HikariPool-1 - Start completed.
2026-03-24 12:54:52 [restartedMain] WARN  org.hibernate.orm.deprecation - HHH90000025: PostgreSQLDialect does not need to be specified explicitly using 'hibernate.dialect' (remove the property setting and it will be selected by default)
2026-03-24 12:54:52 [restartedMain] INFO  o.hibernate.orm.connections.pooling - HHH10001005: Database info:
	Database JDBC URL [Connecting through datasource 'HikariDataSource (HikariPool-1)']
	Database driver: undefined/unknown
	Database version: 17.4
	Autocommit mode: undefined/unknown
	Isolation level: undefined/unknown
	Minimum pool size: undefined/unknown
	Maximum pool size: undefined/unknown
2026-03-24 12:54:52 [restartedMain] INFO  org.hibernate.spatial - HHH80000003: hibernate-spatial adding type contributions from : org.hibernate.spatial.dialect.postgis.PostgisDialectContributor
2026-03-24 12:54:52 [restartedMain] INFO  o.s.o.j.p.SpringPersistenceUnitInfo - No LoadTimeWeaver setup: ignoring JPA class transformer
2026-03-24 12:54:52 [restartedMain] INFO  org.hibernate.spatial - HHH80000003: hibernate-spatial adding type contributions from : org.hibernate.spatial.dialect.postgis.PostgisDialectContributor
2026-03-24 12:54:53 [restartedMain] INFO  org.hibernate.spatial - HHH80000004: hibernate-spatial adding function contributions from : org.hibernate.spatial.dialect.postgis.PostgisDialectContributor
2026-03-24 12:54:55 [restartedMain] INFO  o.h.e.t.j.p.i.JtaPlatformInitiator - HHH000489: No JTA platform available (set 'hibernate.transaction.jta.platform' to enable JTA platform integration)
2026-03-24 12:54:56 [restartedMain] INFO  o.s.o.j.LocalContainerEntityManagerFactoryBean - Initialized JPA EntityManagerFactory for persistence unit 'default'
2026-03-24 12:54:57 [restartedMain] DEBUG c.c.security.JwtAuthenticationFilter - Filter 'authenticationJwtTokenFilter' configured for use
2026-03-24 12:54:57 [restartedMain] INFO  o.s.s.c.a.a.c.InitializeAuthenticationProviderBeanManagerConfigurer$InitializeAuthenticationProviderManagerConfigurer - Global AuthenticationManager configured with AuthenticationProvider bean with name authenticationProvider
2026-03-24 12:54:57 [restartedMain] WARN  o.s.s.c.a.a.c.InitializeUserDetailsBeanManagerConfigurer$InitializeUserDetailsManagerConfigurer - Global AuthenticationManager configured with an AuthenticationProvider bean. UserDetailsService beans will not be used by Spring Security for automatically configuring username/password login. Consider removing the AuthenticationProvider bean. Alternatively, consider using the UserDetailsService in a manually instantiated DaoAuthenticationProvider. If the current configuration is intentional, to turn off this warning, increase the logging level of 'org.springframework.security.config.annotation.authentication.configuration.InitializeUserDetailsBeanManagerConfigurer' to ERROR
2026-03-24 12:54:58 [restartedMain] INFO  o.s.d.j.r.query.QueryEnhancerFactory - Hibernate is in classpath; If applicable, HQL parser will be used.
2026-03-24 12:55:00 [restartedMain] WARN  o.s.b.a.o.j.JpaBaseConfiguration$JpaWebConfiguration - spring.jpa.open-in-view is enabled by default. Therefore, database queries may be performed during view rendering. Explicitly configure spring.jpa.open-in-view to disable this warning
2026-03-24 12:55:01 [restartedMain] INFO  o.s.b.a.e.web.EndpointLinksResolver - Exposing 1 endpoint beneath base path '/actuator'
2026-03-24 12:55:02 [restartedMain] WARN  o.s.b.a.t.ThymeleafAutoConfiguration$DefaultTemplateResolverConfiguration - Cannot find template location: classpath:/templates/ (please add some templates, check your Thymeleaf configuration, or set spring.thymeleaf.check-template-location=false)
2026-03-24 12:55:03 [restartedMain] WARN  o.s.b.d.a.OptionalLiveReloadServer - Unable to start LiveReload server
2026-03-24 12:55:04 [restartedMain] INFO  o.a.coyote.http11.Http11NioProtocol - Starting ProtocolHandler ["http-nio-0.0.0.0-8084"]
2026-03-24 12:55:04 [restartedMain] WARN  o.s.b.w.s.c.AnnotationConfigServletWebServerApplicationContext - Exception encountered during context initialization - cancelling refresh attempt: org.springframework.context.ApplicationContextException: Failed to start bean 'webServerStartStop'
2026-03-24 12:55:04 [restartedMain] INFO  o.s.o.j.LocalContainerEntityManagerFactoryBean - Closing JPA EntityManagerFactory for persistence unit 'default'
2026-03-24 12:55:04 [restartedMain] INFO  com.zaxxer.hikari.HikariDataSource - HikariPool-1 - Shutdown initiated...
2026-03-24 12:55:04 [restartedMain] INFO  com.zaxxer.hikari.HikariDataSource - HikariPool-1 - Shutdown completed.
2026-03-24 12:55:04 [restartedMain] INFO  o.s.b.a.l.ConditionEvaluationReportLogger - 

Error starting ApplicationContext. To display the condition evaluation report re-run your application with 'debug' enabled.
2026-03-24 12:55:04 [restartedMain] ERROR o.s.b.d.LoggingFailureAnalysisReporter - 

***************************
APPLICATION FAILED TO START
***************************

Description:

Web server failed to start. Port 8084 was already in use.

Action:

Identify and stop the process that's listening on port 8084 or configure this application to listen on another port.

2026-03-24 17:09:57 [background-preinit] INFO  o.h.validator.internal.util.Version - HV000001: Hibernate Validator 8.0.2.Final
2026-03-24 17:09:57 [restartedMain] INFO  c.c.CarrefourconnectApplication - Starting CarrefourconnectApplication using Java 17.0.15 with PID 26324 (C:\Users\Darryl\Desktop\ProjetTutore\carrefourconnect\backend\target\classes started by Darryl in C:\Users\Darryl\Desktop\ProjetTutore\carrefourconnect\backend)
2026-03-24 17:09:57 [restartedMain] DEBUG c.c.CarrefourconnectApplication - Running with Spring Boot v3.4.1, Spring v6.2.1
2026-03-24 17:09:57 [restartedMain] INFO  c.c.CarrefourconnectApplication - No active profile set, falling back to 1 default profile: "default"
2026-03-24 17:09:57 [restartedMain] INFO  o.s.b.d.e.DevToolsPropertyDefaultsPostProcessor - Devtools property defaults active! Set 'spring.devtools.add-properties' to 'false' to disable
2026-03-24 17:09:57 [restartedMain] INFO  o.s.b.d.e.DevToolsPropertyDefaultsPostProcessor - For additional web related logging consider setting the 'logging.level.web' property to 'DEBUG'
2026-03-24 17:10:03 [restartedMain] INFO  o.s.d.r.c.RepositoryConfigurationDelegate - Bootstrapping Spring Data JPA repositories in DEFAULT mode.
2026-03-24 17:10:04 [restartedMain] INFO  o.s.d.r.c.RepositoryConfigurationDelegate - Finished Spring Data repository scanning in 725 ms. Found 13 JPA repository interfaces.
2026-03-24 17:10:07 [restartedMain] INFO  o.s.b.w.e.tomcat.TomcatWebServer - Tomcat initialized with port 8084 (http)
2026-03-24 17:10:07 [restartedMain] INFO  o.a.coyote.http11.Http11NioProtocol - Initializing ProtocolHandler ["http-nio-0.0.0.0-8084"]
2026-03-24 17:10:07 [restartedMain] INFO  o.a.catalina.core.StandardService - Starting service [Tomcat]
2026-03-24 17:10:07 [restartedMain] INFO  o.a.catalina.core.StandardEngine - Starting Servlet engine: [Apache Tomcat/10.1.34]
2026-03-24 17:10:07 [restartedMain] INFO  o.a.c.c.C.[Tomcat].[localhost].[/] - Initializing Spring embedded WebApplicationContext
2026-03-24 17:10:07 [restartedMain] INFO  o.s.b.w.s.c.ServletWebServerApplicationContext - Root WebApplicationContext: initialization completed in 9761 ms
2026-03-24 17:10:08 [restartedMain] INFO  o.h.jpa.internal.util.LogHelper - HHH000204: Processing PersistenceUnitInfo [name: default]
2026-03-24 17:10:08 [restartedMain] INFO  org.hibernate.Version - HHH000412: Hibernate ORM core version 6.6.4.Final
2026-03-24 17:10:08 [restartedMain] INFO  o.h.s.integration.SpatialService - HHH80000001: hibernate-spatial integration enabled : true
2026-03-24 17:10:09 [restartedMain] INFO  o.h.c.i.RegionFactoryInitiator - HHH000026: Second-level cache disabled
2026-03-24 17:10:09 [restartedMain] INFO  com.zaxxer.hikari.HikariDataSource - HikariPool-1 - Starting...
2026-03-24 17:10:10 [restartedMain] INFO  com.zaxxer.hikari.pool.HikariPool - HikariPool-1 - Added connection org.postgresql.jdbc.PgConnection@3179dc19
2026-03-24 17:10:10 [restartedMain] INFO  com.zaxxer.hikari.HikariDataSource - HikariPool-1 - Start completed.
2026-03-24 17:10:10 [restartedMain] WARN  org.hibernate.orm.deprecation - HHH90000025: PostgreSQLDialect does not need to be specified explicitly using 'hibernate.dialect' (remove the property setting and it will be selected by default)
2026-03-24 17:10:10 [restartedMain] INFO  o.hibernate.orm.connections.pooling - HHH10001005: Database info:
	Database JDBC URL [Connecting through datasource 'HikariDataSource (HikariPool-1)']
	Database driver: undefined/unknown
	Database version: 17.4
	Autocommit mode: undefined/unknown
	Isolation level: undefined/unknown
	Minimum pool size: undefined/unknown
	Maximum pool size: undefined/unknown
2026-03-24 17:10:10 [restartedMain] INFO  org.hibernate.spatial - HHH80000003: hibernate-spatial adding type contributions from : org.hibernate.spatial.dialect.postgis.PostgisDialectContributor
2026-03-24 17:10:11 [restartedMain] INFO  o.s.o.j.p.SpringPersistenceUnitInfo - No LoadTimeWeaver setup: ignoring JPA class transformer
2026-03-24 17:10:11 [restartedMain] INFO  org.hibernate.spatial - HHH80000003: hibernate-spatial adding type contributions from : org.hibernate.spatial.dialect.postgis.PostgisDialectContributor
2026-03-24 17:10:12 [restartedMain] INFO  org.hibernate.spatial - HHH80000004: hibernate-spatial adding function contributions from : org.hibernate.spatial.dialect.postgis.PostgisDialectContributor
2026-03-24 17:10:14 [restartedMain] INFO  o.h.e.t.j.p.i.JtaPlatformInitiator - HHH000489: No JTA platform available (set 'hibernate.transaction.jta.platform' to enable JTA platform integration)
2026-03-24 17:10:15 [restartedMain] INFO  o.s.o.j.LocalContainerEntityManagerFactoryBean - Initialized JPA EntityManagerFactory for persistence unit 'default'
2026-03-24 17:10:16 [restartedMain] DEBUG c.c.security.JwtAuthenticationFilter - Filter 'authenticationJwtTokenFilter' configured for use
2026-03-24 17:10:17 [restartedMain] INFO  o.s.s.c.a.a.c.InitializeAuthenticationProviderBeanManagerConfigurer$InitializeAuthenticationProviderManagerConfigurer - Global AuthenticationManager configured with AuthenticationProvider bean with name authenticationProvider
2026-03-24 17:10:17 [restartedMain] WARN  o.s.s.c.a.a.c.InitializeUserDetailsBeanManagerConfigurer$InitializeUserDetailsManagerConfigurer - Global AuthenticationManager configured with an AuthenticationProvider bean. UserDetailsService beans will not be used by Spring Security for automatically configuring username/password login. Consider removing the AuthenticationProvider bean. Alternatively, consider using the UserDetailsService in a manually instantiated DaoAuthenticationProvider. If the current configuration is intentional, to turn off this warning, increase the logging level of 'org.springframework.security.config.annotation.authentication.configuration.InitializeUserDetailsBeanManagerConfigurer' to ERROR
2026-03-24 17:10:17 [restartedMain] INFO  o.s.d.j.r.query.QueryEnhancerFactory - Hibernate is in classpath; If applicable, HQL parser will be used.
2026-03-24 17:10:19 [restartedMain] WARN  o.s.b.a.o.j.JpaBaseConfiguration$JpaWebConfiguration - spring.jpa.open-in-view is enabled by default. Therefore, database queries may be performed during view rendering. Explicitly configure spring.jpa.open-in-view to disable this warning
2026-03-24 17:10:21 [restartedMain] INFO  o.s.b.a.e.web.EndpointLinksResolver - Exposing 1 endpoint beneath base path '/actuator'
2026-03-24 17:10:22 [restartedMain] WARN  o.s.b.a.t.ThymeleafAutoConfiguration$DefaultTemplateResolverConfiguration - Cannot find template location: classpath:/templates/ (please add some templates, check your Thymeleaf configuration, or set spring.thymeleaf.check-template-location=false)
2026-03-24 17:10:22 [restartedMain] INFO  o.s.b.d.a.OptionalLiveReloadServer - LiveReload server is running on port 35729
2026-03-24 17:10:23 [restartedMain] INFO  o.a.coyote.http11.Http11NioProtocol - Starting ProtocolHandler ["http-nio-0.0.0.0-8084"]
2026-03-24 17:10:23 [restartedMain] INFO  o.s.b.w.e.tomcat.TomcatWebServer - Tomcat started on port 8084 (http) with context path '/'
2026-03-24 17:10:23 [restartedMain] INFO  c.c.CarrefourconnectApplication - Started CarrefourconnectApplication in 26.64 seconds (process running for 28.653)
2026-03-24 17:10:23 [restartedMain] INFO  c.c.config.DataInitializer - Vérification et initialisation des rôles...
2026-03-24 17:10:23 [restartedMain] INFO  c.c.config.DataInitializer - Initialisation des rôles terminée.
2026-03-24 17:12:50 [http-nio-0.0.0.0-8084-exec-2] INFO  o.a.c.c.C.[Tomcat].[localhost].[/] - Initializing Spring DispatcherServlet 'dispatcherServlet'
2026-03-24 17:12:50 [http-nio-0.0.0.0-8084-exec-2] INFO  o.s.web.servlet.DispatcherServlet - Initializing Servlet 'dispatcherServlet'
2026-03-24 17:12:50 [http-nio-0.0.0.0-8084-exec-2] INFO  o.s.web.servlet.DispatcherServlet - Completed initialization in 3 ms
2026-03-24 17:12:50 [http-nio-0.0.0.0-8084-exec-1] INFO  c.c.controllers.CategorieController - Requête pour lister toutes les catégories
2026-03-24 17:12:50 [http-nio-0.0.0.0-8084-exec-1] DEBUG c.c.s.i.CategorieServiceImpl - Récupération de toutes les catégories
2026-03-24 17:12:50 [http-nio-0.0.0.0-8084-exec-2] INFO  c.c.controllers.CommerceController - Requête de recherche multicritères
2026-03-24 17:12:50 [http-nio-0.0.0.0-8084-exec-2] INFO  c.c.s.i.CommerceServiceImpl - Recherche avancée: nom=null, ville=null, proximité=10.0km
2026-03-24 17:13:48 [http-nio-0.0.0.0-8084-exec-5] INFO  c.c.c.UtilisateurController - Requête d'inscription pour un nouveau commerçant: test@example.com
2026-03-24 17:13:48 [http-nio-0.0.0.0-8084-exec-5] INFO  c.c.s.i.UtilisateurServiceImpl - Inscription d'un nouveau commerçant: test@example.com
2026-03-24 17:14:48 [http-nio-0.0.0.0-8084-exec-9] ERROR c.c.security.AuthEntryPointJwt - Erreur d'accès non autorisé : Full authentication is required to access this resource
2026-03-24 17:15:15 [http-nio-0.0.0.0-8084-exec-1] ERROR c.c.security.AuthEntryPointJwt - Erreur d'accès non autorisé : Full authentication is required to access this resource
2026-03-24 17:52:44 [http-nio-0.0.0.0-8084-exec-4] INFO  c.c.controllers.CategorieController - Requête pour lister toutes les catégories
2026-03-24 17:52:44 [http-nio-0.0.0.0-8084-exec-3] INFO  c.c.controllers.CommerceController - Requête de recherche multicritères
2026-03-24 17:52:44 [http-nio-0.0.0.0-8084-exec-3] INFO  c.c.s.i.CommerceServiceImpl - Recherche avancée: nom=null, ville=null, proximité=10.0km
2026-03-24 17:52:44 [http-nio-0.0.0.0-8084-exec-4] DEBUG c.c.s.i.CategorieServiceImpl - Récupération de toutes les catégories
2026-03-24 18:07:18 [http-nio-0.0.0.0-8084-exec-8] INFO  c.c.controllers.CategorieController - Requête pour lister toutes les catégories
2026-03-24 18:07:18 [http-nio-0.0.0.0-8084-exec-7] INFO  c.c.controllers.CommerceController - Requête de recherche multicritères
2026-03-24 18:07:18 [http-nio-0.0.0.0-8084-exec-8] DEBUG c.c.s.i.CategorieServiceImpl - Récupération de toutes les catégories
2026-03-24 18:07:18 [http-nio-0.0.0.0-8084-exec-7] INFO  c.c.s.i.CommerceServiceImpl - Recherche avancée: nom=null, ville=null, proximité=10.0km
2026-03-24 18:07:35 [http-nio-0.0.0.0-8084-exec-1] ERROR c.c.security.AuthEntryPointJwt - Erreur d'accès non autorisé : Full authentication is required to access this resource
2026-03-24 18:08:09 [http-nio-0.0.0.0-8084-exec-2] INFO  c.c.controllers.CategorieController - Requête pour lister toutes les catégories
2026-03-24 18:08:09 [http-nio-0.0.0.0-8084-exec-3] INFO  c.c.controllers.CommerceController - Requête de recherche multicritères
2026-03-24 18:08:09 [http-nio-0.0.0.0-8084-exec-2] DEBUG c.c.s.i.CategorieServiceImpl - Récupération de toutes les catégories
2026-03-24 18:08:09 [http-nio-0.0.0.0-8084-exec-3] INFO  c.c.s.i.CommerceServiceImpl - Recherche avancée: nom=null, ville=null, proximité=10.0km
2026-03-24 18:08:34 [http-nio-0.0.0.0-8084-exec-5] ERROR c.c.security.AuthEntryPointJwt - Erreur d'accès non autorisé : Full authentication is required to access this resource
2026-03-24 18:08:42 [http-nio-0.0.0.0-8084-exec-8] INFO  c.c.controllers.CategorieController - Requête pour lister toutes les catégories
2026-03-24 18:08:42 [http-nio-0.0.0.0-8084-exec-8] DEBUG c.c.s.i.CategorieServiceImpl - Récupération de toutes les catégories
2026-03-24 18:09:03 [http-nio-0.0.0.0-8084-exec-7] INFO  c.c.controllers.CategorieController - Requête pour lister toutes les catégories
2026-03-24 18:09:03 [http-nio-0.0.0.0-8084-exec-9] INFO  c.c.controllers.CommerceController - Requête de recherche multicritères
2026-03-24 18:09:03 [http-nio-0.0.0.0-8084-exec-7] DEBUG c.c.s.i.CategorieServiceImpl - Récupération de toutes les catégories
2026-03-24 18:09:03 [http-nio-0.0.0.0-8084-exec-9] INFO  c.c.s.i.CommerceServiceImpl - Recherche avancée: nom=null, ville=null, proximité=10.0km
2026-03-24 18:09:16 [http-nio-0.0.0.0-8084-exec-2] ERROR c.c.security.AuthEntryPointJwt - Erreur d'accès non autorisé : Full authentication is required to access this resource
2026-03-24 18:09:21 [http-nio-0.0.0.0-8084-exec-3] INFO  c.c.controllers.CategorieController - Requête pour lister toutes les catégories
2026-03-24 18:09:21 [http-nio-0.0.0.0-8084-exec-3] DEBUG c.c.s.i.CategorieServiceImpl - Récupération de toutes les catégories
2026-03-24 18:18:52 [http-nio-0.0.0.0-8084-exec-5] INFO  c.c.controllers.CategorieController - Requête pour lister toutes les catégories
2026-03-24 18:18:52 [http-nio-0.0.0.0-8084-exec-5] DEBUG c.c.s.i.CategorieServiceImpl - Récupération de toutes les catégories
2026-03-24 18:31:37 [http-nio-0.0.0.0-8084-exec-7] INFO  c.c.controllers.CategorieController - Requête pour lister toutes les catégories
2026-03-24 18:31:37 [http-nio-0.0.0.0-8084-exec-7] DEBUG c.c.s.i.CategorieServiceImpl - Récupération de toutes les catégories
2026-03-24 18:31:37 [http-nio-0.0.0.0-8084-exec-9] INFO  c.c.controllers.CategorieController - Requête pour lister toutes les catégories
2026-03-24 18:31:37 [http-nio-0.0.0.0-8084-exec-9] DEBUG c.c.s.i.CategorieServiceImpl - Récupération de toutes les catégories
2026-03-24 18:31:42 [http-nio-0.0.0.0-8084-exec-10] INFO  c.c.controllers.CategorieController - Requête pour lister toutes les catégories
2026-03-24 18:31:42 [http-nio-0.0.0.0-8084-exec-10] DEBUG c.c.s.i.CategorieServiceImpl - Récupération de toutes les catégories
2026-03-24 18:32:05 [http-nio-0.0.0.0-8084-exec-1] INFO  c.c.controllers.CategorieController - Requête pour lister toutes les catégories
2026-03-24 18:32:05 [http-nio-0.0.0.0-8084-exec-1] DEBUG c.c.s.i.CategorieServiceImpl - Récupération de toutes les catégories
2026-03-24 18:32:13 [http-nio-0.0.0.0-8084-exec-3] INFO  c.c.controllers.CategorieController - Requête pour lister toutes les catégories
2026-03-24 18:32:13 [http-nio-0.0.0.0-8084-exec-4] INFO  c.c.controllers.CommerceController - Requête de recherche multicritères
2026-03-24 18:32:13 [http-nio-0.0.0.0-8084-exec-3] DEBUG c.c.s.i.CategorieServiceImpl - Récupération de toutes les catégories
2026-03-24 18:32:13 [http-nio-0.0.0.0-8084-exec-4] INFO  c.c.s.i.CommerceServiceImpl - Recherche avancée: nom=null, ville=null, proximité=10.0km
2026-03-24 18:32:27 [http-nio-0.0.0.0-8084-exec-8] ERROR c.c.security.AuthEntryPointJwt - Erreur d'accès non autorisé : Full authentication is required to access this resource
2026-03-24 18:54:32 [http-nio-0.0.0.0-8084-exec-1] INFO  c.c.controllers.CategorieController - Requête pour lister toutes les catégories
2026-03-24 18:54:32 [http-nio-0.0.0.0-8084-exec-10] INFO  c.c.controllers.CommerceController - Requête de recherche multicritères
2026-03-24 18:54:32 [http-nio-0.0.0.0-8084-exec-1] DEBUG c.c.s.i.CategorieServiceImpl - Récupération de toutes les catégories
2026-03-24 18:54:32 [http-nio-0.0.0.0-8084-exec-10] INFO  c.c.s.i.CommerceServiceImpl - Recherche avancée: nom=null, ville=null, proximité=10.0km
2026-03-24 18:54:46 [http-nio-0.0.0.0-8084-exec-6] ERROR c.c.security.AuthEntryPointJwt - Erreur d'accès non autorisé : Full authentication is required to access this resource
2026-03-24 18:55:25 [http-nio-0.0.0.0-8084-exec-5] INFO  c.c.controllers.CategorieController - Requête pour lister toutes les catégories
2026-03-24 18:55:25 [http-nio-0.0.0.0-8084-exec-8] INFO  c.c.controllers.CommerceController - Requête de recherche multicritères
2026-03-24 18:55:25 [http-nio-0.0.0.0-8084-exec-5] DEBUG c.c.s.i.CategorieServiceImpl - Récupération de toutes les catégories
2026-03-24 18:55:25 [http-nio-0.0.0.0-8084-exec-8] INFO  c.c.s.i.CommerceServiceImpl - Recherche avancée: nom=null, ville=null, proximité=10.0km
2026-03-24 18:55:36 [http-nio-0.0.0.0-8084-exec-1] ERROR c.c.security.AuthEntryPointJwt - Erreur d'accès non autorisé : Full authentication is required to access this resource
2026-03-24 18:56:30 [http-nio-0.0.0.0-8084-exec-4] INFO  c.c.controllers.CategorieController - Requête pour lister toutes les catégories
2026-03-24 18:56:30 [http-nio-0.0.0.0-8084-exec-4] DEBUG c.c.s.i.CategorieServiceImpl - Récupération de toutes les catégories
2026-03-24 18:56:34 [http-nio-0.0.0.0-8084-exec-6] INFO  c.c.controllers.CategorieController - Requête pour lister toutes les catégories
2026-03-24 18:56:34 [http-nio-0.0.0.0-8084-exec-6] DEBUG c.c.s.i.CategorieServiceImpl - Récupération de toutes les catégories
2026-03-24 18:56:34 [http-nio-0.0.0.0-8084-exec-8] INFO  c.c.controllers.CommerceController - Requête de recherche multicritères
2026-03-24 18:56:34 [http-nio-0.0.0.0-8084-exec-8] INFO  c.c.s.i.CommerceServiceImpl - Recherche avancée: nom=null, ville=null, proximité=10.0km
2026-03-24 18:57:03 [http-nio-0.0.0.0-8084-exec-1] ERROR c.c.security.AuthEntryPointJwt - Erreur d'accès non autorisé : Full authentication is required to access this resource
2026-03-24 18:57:06 [http-nio-0.0.0.0-8084-exec-5] INFO  c.c.controllers.CommerceController - Requête de recherche multicritères
2026-03-24 18:57:06 [http-nio-0.0.0.0-8084-exec-5] INFO  c.c.s.i.CommerceServiceImpl - Recherche avancée: nom=null, ville=null, proximité=10.0km
2026-03-24 18:57:06 [http-nio-0.0.0.0-8084-exec-4] INFO  c.c.controllers.CategorieController - Requête pour lister toutes les catégories
2026-03-24 18:57:06 [http-nio-0.0.0.0-8084-exec-4] DEBUG c.c.s.i.CategorieServiceImpl - Récupération de toutes les catégories
2026-03-24 19:20:29 [SpringApplicationShutdownHook] INFO  o.s.b.w.e.tomcat.GracefulShutdown - Commencing graceful shutdown. Waiting for active requests to complete
2026-03-24 19:20:29 [tomcat-shutdown] INFO  o.s.b.w.e.tomcat.GracefulShutdown - Graceful shutdown complete
2026-03-24 19:20:30 [SpringApplicationShutdownHook] INFO  o.s.o.j.LocalContainerEntityManagerFactoryBean - Closing JPA EntityManagerFactory for persistence unit 'default'
2026-03-24 19:20:30 [SpringApplicationShutdownHook] INFO  com.zaxxer.hikari.HikariDataSource - HikariPool-1 - Shutdown initiated...
2026-03-24 19:20:30 [SpringApplicationShutdownHook] INFO  com.zaxxer.hikari.HikariDataSource - HikariPool-1 - Shutdown completed.
2026-03-24 19:21:03 [background-preinit] INFO  o.h.validator.internal.util.Version - HV000001: Hibernate Validator 8.0.2.Final
2026-03-24 19:21:04 [restartedMain] INFO  c.c.CarrefourconnectApplication - Starting CarrefourconnectApplication using Java 17.0.15 with PID 15376 (C:\Users\Darryl\Desktop\ProjetTutore\carrefourconnect\backend\target\classes started by Darryl in C:\Users\Darryl\Desktop\ProjetTutore\carrefourconnect\backend)
2026-03-24 19:21:04 [restartedMain] DEBUG c.c.CarrefourconnectApplication - Running with Spring Boot v3.4.1, Spring v6.2.1
2026-03-24 19:21:04 [restartedMain] INFO  c.c.CarrefourconnectApplication - No active profile set, falling back to 1 default profile: "default"
2026-03-24 19:21:04 [restartedMain] INFO  o.s.b.d.e.DevToolsPropertyDefaultsPostProcessor - Devtools property defaults active! Set 'spring.devtools.add-properties' to 'false' to disable
2026-03-24 19:21:04 [restartedMain] INFO  o.s.b.d.e.DevToolsPropertyDefaultsPostProcessor - For additional web related logging consider setting the 'logging.level.web' property to 'DEBUG'
2026-03-24 19:21:05 [restartedMain] INFO  o.s.d.r.c.RepositoryConfigurationDelegate - Bootstrapping Spring Data JPA repositories in DEFAULT mode.
2026-03-24 19:21:06 [restartedMain] INFO  o.s.d.r.c.RepositoryConfigurationDelegate - Finished Spring Data repository scanning in 259 ms. Found 13 JPA repository interfaces.
2026-03-24 19:21:07 [restartedMain] INFO  o.s.b.w.e.tomcat.TomcatWebServer - Tomcat initialized with port 8084 (http)
2026-03-24 19:21:07 [restartedMain] INFO  o.a.coyote.http11.Http11NioProtocol - Initializing ProtocolHandler ["http-nio-0.0.0.0-8084"]
2026-03-24 19:21:07 [restartedMain] INFO  o.a.catalina.core.StandardService - Starting service [Tomcat]
2026-03-24 19:21:07 [restartedMain] INFO  o.a.catalina.core.StandardEngine - Starting Servlet engine: [Apache Tomcat/10.1.34]
2026-03-24 19:21:07 [restartedMain] INFO  o.a.c.c.C.[Tomcat].[localhost].[/] - Initializing Spring embedded WebApplicationContext
2026-03-24 19:21:07 [restartedMain] INFO  o.s.b.w.s.c.ServletWebServerApplicationContext - Root WebApplicationContext: initialization completed in 3330 ms
2026-03-24 19:21:07 [restartedMain] INFO  o.h.jpa.internal.util.LogHelper - HHH000204: Processing PersistenceUnitInfo [name: default]
2026-03-24 19:21:07 [restartedMain] INFO  org.hibernate.Version - HHH000412: Hibernate ORM core version 6.6.4.Final
2026-03-24 19:21:07 [restartedMain] INFO  o.h.s.integration.SpatialService - HHH80000001: hibernate-spatial integration enabled : true
2026-03-24 19:21:08 [restartedMain] INFO  o.h.c.i.RegionFactoryInitiator - HHH000026: Second-level cache disabled
2026-03-24 19:21:08 [restartedMain] INFO  com.zaxxer.hikari.HikariDataSource - HikariPool-1 - Starting...
2026-03-24 19:21:08 [restartedMain] INFO  com.zaxxer.hikari.pool.HikariPool - HikariPool-1 - Added connection org.postgresql.jdbc.PgConnection@3574af39
2026-03-24 19:21:08 [restartedMain] INFO  com.zaxxer.hikari.HikariDataSource - HikariPool-1 - Start completed.
2026-03-24 19:21:08 [restartedMain] WARN  org.hibernate.orm.deprecation - HHH90000025: PostgreSQLDialect does not need to be specified explicitly using 'hibernate.dialect' (remove the property setting and it will be selected by default)
2026-03-24 19:21:08 [restartedMain] INFO  o.hibernate.orm.connections.pooling - HHH10001005: Database info:
	Database JDBC URL [Connecting through datasource 'HikariDataSource (HikariPool-1)']
	Database driver: undefined/unknown
	Database version: 17.4
	Autocommit mode: undefined/unknown
	Isolation level: undefined/unknown
	Minimum pool size: undefined/unknown
	Maximum pool size: undefined/unknown
2026-03-24 19:21:08 [restartedMain] INFO  org.hibernate.spatial - HHH80000003: hibernate-spatial adding type contributions from : org.hibernate.spatial.dialect.postgis.PostgisDialectContributor
2026-03-24 19:21:08 [restartedMain] INFO  o.s.o.j.p.SpringPersistenceUnitInfo - No LoadTimeWeaver setup: ignoring JPA class transformer
2026-03-24 19:21:08 [restartedMain] INFO  org.hibernate.spatial - HHH80000003: hibernate-spatial adding type contributions from : org.hibernate.spatial.dialect.postgis.PostgisDialectContributor
2026-03-24 19:21:09 [restartedMain] INFO  org.hibernate.spatial - HHH80000004: hibernate-spatial adding function contributions from : org.hibernate.spatial.dialect.postgis.PostgisDialectContributor
2026-03-24 19:21:10 [restartedMain] INFO  o.h.e.t.j.p.i.JtaPlatformInitiator - HHH000489: No JTA platform available (set 'hibernate.transaction.jta.platform' to enable JTA platform integration)
2026-03-24 19:21:10 [restartedMain] INFO  o.s.o.j.LocalContainerEntityManagerFactoryBean - Initialized JPA EntityManagerFactory for persistence unit 'default'
2026-03-24 19:21:11 [restartedMain] DEBUG c.c.security.JwtAuthenticationFilter - Filter 'authenticationJwtTokenFilter' configured for use
2026-03-24 19:21:11 [restartedMain] INFO  o.s.s.c.a.a.c.InitializeAuthenticationProviderBeanManagerConfigurer$InitializeAuthenticationProviderManagerConfigurer - Global AuthenticationManager configured with AuthenticationProvider bean with name authenticationProvider
2026-03-24 19:21:11 [restartedMain] WARN  o.s.s.c.a.a.c.InitializeUserDetailsBeanManagerConfigurer$InitializeUserDetailsManagerConfigurer - Global AuthenticationManager configured with an AuthenticationProvider bean. UserDetailsService beans will not be used by Spring Security for automatically configuring username/password login. Consider removing the AuthenticationProvider bean. Alternatively, consider using the UserDetailsService in a manually instantiated DaoAuthenticationProvider. If the current configuration is intentional, to turn off this warning, increase the logging level of 'org.springframework.security.config.annotation.authentication.configuration.InitializeUserDetailsBeanManagerConfigurer' to ERROR
2026-03-24 19:21:11 [restartedMain] INFO  o.s.d.j.r.query.QueryEnhancerFactory - Hibernate is in classpath; If applicable, HQL parser will be used.
2026-03-24 19:21:12 [restartedMain] WARN  o.s.b.a.o.j.JpaBaseConfiguration$JpaWebConfiguration - spring.jpa.open-in-view is enabled by default. Therefore, database queries may be performed during view rendering. Explicitly configure spring.jpa.open-in-view to disable this warning
2026-03-24 19:21:13 [restartedMain] INFO  o.s.b.a.e.web.EndpointLinksResolver - Exposing 1 endpoint beneath base path '/actuator'
2026-03-24 19:21:13 [restartedMain] WARN  o.s.b.a.t.ThymeleafAutoConfiguration$DefaultTemplateResolverConfiguration - Cannot find template location: classpath:/templates/ (please add some templates, check your Thymeleaf configuration, or set spring.thymeleaf.check-template-location=false)
2026-03-24 19:21:13 [restartedMain] INFO  o.s.b.d.a.OptionalLiveReloadServer - LiveReload server is running on port 35729
2026-03-24 19:21:14 [restartedMain] INFO  o.a.coyote.http11.Http11NioProtocol - Starting ProtocolHandler ["http-nio-0.0.0.0-8084"]
2026-03-24 19:21:14 [restartedMain] INFO  o.s.b.w.e.tomcat.TomcatWebServer - Tomcat started on port 8084 (http) with context path '/'
2026-03-24 19:21:14 [restartedMain] INFO  c.c.CarrefourconnectApplication - Started CarrefourconnectApplication in 10.751 seconds (process running for 11.435)
2026-03-24 19:21:14 [restartedMain] INFO  c.c.config.DataInitializer - Vérification et initialisation des rôles...
2026-03-24 19:21:14 [restartedMain] INFO  c.c.config.DataInitializer - Initialisation des rôles terminée.
2026-03-24 19:21:51 [http-nio-0.0.0.0-8084-exec-1] INFO  o.a.c.c.C.[Tomcat].[localhost].[/] - Initializing Spring DispatcherServlet 'dispatcherServlet'
2026-03-24 19:21:51 [http-nio-0.0.0.0-8084-exec-1] INFO  o.s.web.servlet.DispatcherServlet - Initializing Servlet 'dispatcherServlet'
2026-03-24 19:21:51 [http-nio-0.0.0.0-8084-exec-1] INFO  o.s.web.servlet.DispatcherServlet - Completed initialization in 0 ms
2026-03-24 19:21:51 [http-nio-0.0.0.0-8084-exec-2] INFO  c.c.controllers.CategorieController - Requête pour lister toutes les catégories
2026-03-24 19:21:51 [http-nio-0.0.0.0-8084-exec-2] DEBUG c.c.s.i.CategorieServiceImpl - Récupération de toutes les catégories
2026-03-24 19:21:51 [http-nio-0.0.0.0-8084-exec-1] INFO  c.c.controllers.CommerceController - Requête de recherche multicritères
2026-03-24 19:21:51 [http-nio-0.0.0.0-8084-exec-1] INFO  c.c.s.i.CommerceServiceImpl - Recherche avancée: nom=null, ville=null, proximité=10.0km
2026-03-24 19:22:08 [http-nio-0.0.0.0-8084-exec-6] ERROR c.c.security.AuthEntryPointJwt - Erreur d'accès non autorisé : Full authentication is required to access this resource
2026-03-24 19:22:17 [http-nio-0.0.0.0-8084-exec-8] INFO  c.c.controllers.CategorieController - Requête pour lister toutes les catégories
2026-03-24 19:22:17 [http-nio-0.0.0.0-8084-exec-8] DEBUG c.c.s.i.CategorieServiceImpl - Récupération de toutes les catégories
2026-03-24 19:23:35 [http-nio-0.0.0.0-8084-exec-1] INFO  c.c.controllers.CategorieController - Requête de création de catégorie: Informatique
2026-03-24 19:23:35 [http-nio-0.0.0.0-8084-exec-1] INFO  c.c.s.i.CategorieServiceImpl - Enregistrement catégorie: Informatique
2026-03-24 19:25:00 [http-nio-0.0.0.0-8084-exec-5] INFO  c.c.controllers.CategorieController - Requête pour lister toutes les catégories
2026-03-24 19:25:00 [http-nio-0.0.0.0-8084-exec-5] DEBUG c.c.s.i.CategorieServiceImpl - Récupération de toutes les catégories
2026-03-24 19:53:22 [SpringApplicationShutdownHook] INFO  o.s.b.w.e.tomcat.GracefulShutdown - Commencing graceful shutdown. Waiting for active requests to complete
2026-03-24 19:53:22 [tomcat-shutdown] INFO  o.s.b.w.e.tomcat.GracefulShutdown - Graceful shutdown complete
2026-03-24 19:53:22 [SpringApplicationShutdownHook] INFO  o.s.o.j.LocalContainerEntityManagerFactoryBean - Closing JPA EntityManagerFactory for persistence unit 'default'
2026-03-24 19:53:22 [SpringApplicationShutdownHook] INFO  com.zaxxer.hikari.HikariDataSource - HikariPool-1 - Shutdown initiated...
2026-03-24 19:53:22 [SpringApplicationShutdownHook] INFO  com.zaxxer.hikari.HikariDataSource - HikariPool-1 - Shutdown completed.
2026-03-24 19:53:37 [background-preinit] INFO  o.h.validator.internal.util.Version - HV000001: Hibernate Validator 8.0.2.Final
2026-03-24 19:53:37 [restartedMain] INFO  c.c.CarrefourconnectApplication - Starting CarrefourconnectApplication using Java 17.0.15 with PID 2480 (C:\Users\Darryl\Desktop\ProjetTutore\carrefourconnect\backend\target\classes started by Darryl in C:\Users\Darryl\Desktop\ProjetTutore\carrefourconnect\backend)
2026-03-24 19:53:37 [restartedMain] DEBUG c.c.CarrefourconnectApplication - Running with Spring Boot v3.4.1, Spring v6.2.1
2026-03-24 19:53:37 [restartedMain] INFO  c.c.CarrefourconnectApplication - No active profile set, falling back to 1 default profile: "default"
2026-03-24 19:53:37 [restartedMain] INFO  o.s.b.d.e.DevToolsPropertyDefaultsPostProcessor - Devtools property defaults active! Set 'spring.devtools.add-properties' to 'false' to disable
2026-03-24 19:53:37 [restartedMain] INFO  o.s.b.d.e.DevToolsPropertyDefaultsPostProcessor - For additional web related logging consider setting the 'logging.level.web' property to 'DEBUG'
2026-03-24 19:53:38 [restartedMain] INFO  o.s.d.r.c.RepositoryConfigurationDelegate - Bootstrapping Spring Data JPA repositories in DEFAULT mode.
2026-03-24 19:53:39 [restartedMain] INFO  o.s.d.r.c.RepositoryConfigurationDelegate - Finished Spring Data repository scanning in 245 ms. Found 13 JPA repository interfaces.
2026-03-24 19:53:40 [restartedMain] INFO  o.s.b.w.e.tomcat.TomcatWebServer - Tomcat initialized with port 8084 (http)
2026-03-24 19:53:40 [restartedMain] INFO  o.a.coyote.http11.Http11NioProtocol - Initializing ProtocolHandler ["http-nio-0.0.0.0-8084"]
2026-03-24 19:53:40 [restartedMain] INFO  o.a.catalina.core.StandardService - Starting service [Tomcat]
2026-03-24 19:53:40 [restartedMain] INFO  o.a.catalina.core.StandardEngine - Starting Servlet engine: [Apache Tomcat/10.1.34]
2026-03-24 19:53:40 [restartedMain] INFO  o.a.c.c.C.[Tomcat].[localhost].[/] - Initializing Spring embedded WebApplicationContext
2026-03-24 19:53:40 [restartedMain] INFO  o.s.b.w.s.c.ServletWebServerApplicationContext - Root WebApplicationContext: initialization completed in 2947 ms
2026-03-24 19:53:40 [restartedMain] INFO  o.h.jpa.internal.util.LogHelper - HHH000204: Processing PersistenceUnitInfo [name: default]
2026-03-24 19:53:40 [restartedMain] INFO  org.hibernate.Version - HHH000412: Hibernate ORM core version 6.6.4.Final
2026-03-24 19:53:40 [restartedMain] INFO  o.h.s.integration.SpatialService - HHH80000001: hibernate-spatial integration enabled : true
2026-03-24 19:53:40 [restartedMain] INFO  o.h.c.i.RegionFactoryInitiator - HHH000026: Second-level cache disabled
2026-03-24 19:53:41 [restartedMain] INFO  com.zaxxer.hikari.HikariDataSource - HikariPool-1 - Starting...
2026-03-24 19:53:41 [restartedMain] INFO  com.zaxxer.hikari.pool.HikariPool - HikariPool-1 - Added connection org.postgresql.jdbc.PgConnection@1edeb0d2
2026-03-24 19:53:41 [restartedMain] INFO  com.zaxxer.hikari.HikariDataSource - HikariPool-1 - Start completed.
2026-03-24 19:53:41 [restartedMain] WARN  org.hibernate.orm.deprecation - HHH90000025: PostgreSQLDialect does not need to be specified explicitly using 'hibernate.dialect' (remove the property setting and it will be selected by default)
2026-03-24 19:53:41 [restartedMain] INFO  o.hibernate.orm.connections.pooling - HHH10001005: Database info:
	Database JDBC URL [Connecting through datasource 'HikariDataSource (HikariPool-1)']
	Database driver: undefined/unknown
	Database version: 17.4
	Autocommit mode: undefined/unknown
	Isolation level: undefined/unknown
	Minimum pool size: undefined/unknown
	Maximum pool size: undefined/unknown
2026-03-24 19:53:41 [restartedMain] INFO  org.hibernate.spatial - HHH80000003: hibernate-spatial adding type contributions from : org.hibernate.spatial.dialect.postgis.PostgisDialectContributor
2026-03-24 19:53:41 [restartedMain] INFO  o.s.o.j.p.SpringPersistenceUnitInfo - No LoadTimeWeaver setup: ignoring JPA class transformer
2026-03-24 19:53:41 [restartedMain] INFO  org.hibernate.spatial - HHH80000003: hibernate-spatial adding type contributions from : org.hibernate.spatial.dialect.postgis.PostgisDialectContributor
2026-03-24 19:53:42 [restartedMain] INFO  org.hibernate.spatial - HHH80000004: hibernate-spatial adding function contributions from : org.hibernate.spatial.dialect.postgis.PostgisDialectContributor
2026-03-24 19:53:43 [restartedMain] INFO  o.h.e.t.j.p.i.JtaPlatformInitiator - HHH000489: No JTA platform available (set 'hibernate.transaction.jta.platform' to enable JTA platform integration)
2026-03-24 19:53:43 [restartedMain] INFO  o.s.o.j.LocalContainerEntityManagerFactoryBean - Initialized JPA EntityManagerFactory for persistence unit 'default'
2026-03-24 19:53:43 [restartedMain] DEBUG c.c.security.JwtAuthenticationFilter - Filter 'authenticationJwtTokenFilter' configured for use
2026-03-24 19:53:44 [restartedMain] INFO  o.s.s.c.a.a.c.InitializeAuthenticationProviderBeanManagerConfigurer$InitializeAuthenticationProviderManagerConfigurer - Global AuthenticationManager configured with AuthenticationProvider bean with name authenticationProvider
2026-03-24 19:53:44 [restartedMain] WARN  o.s.s.c.a.a.c.InitializeUserDetailsBeanManagerConfigurer$InitializeUserDetailsManagerConfigurer - Global AuthenticationManager configured with an AuthenticationProvider bean. UserDetailsService beans will not be used by Spring Security for automatically configuring username/password login. Consider removing the AuthenticationProvider bean. Alternatively, consider using the UserDetailsService in a manually instantiated DaoAuthenticationProvider. If the current configuration is intentional, to turn off this warning, increase the logging level of 'org.springframework.security.config.annotation.authentication.configuration.InitializeUserDetailsBeanManagerConfigurer' to ERROR
2026-03-24 19:53:44 [restartedMain] INFO  o.s.d.j.r.query.QueryEnhancerFactory - Hibernate is in classpath; If applicable, HQL parser will be used.
2026-03-24 19:53:45 [restartedMain] WARN  o.s.b.a.o.j.JpaBaseConfiguration$JpaWebConfiguration - spring.jpa.open-in-view is enabled by default. Therefore, database queries may be performed during view rendering. Explicitly configure spring.jpa.open-in-view to disable this warning
2026-03-24 19:53:45 [restartedMain] INFO  o.s.b.a.e.web.EndpointLinksResolver - Exposing 1 endpoint beneath base path '/actuator'
2026-03-24 19:53:45 [restartedMain] WARN  o.s.b.a.t.ThymeleafAutoConfiguration$DefaultTemplateResolverConfiguration - Cannot find template location: classpath:/templates/ (please add some templates, check your Thymeleaf configuration, or set spring.thymeleaf.check-template-location=false)
2026-03-24 19:53:46 [restartedMain] INFO  o.s.b.d.a.OptionalLiveReloadServer - LiveReload server is running on port 35729
2026-03-24 19:53:46 [restartedMain] INFO  o.a.coyote.http11.Http11NioProtocol - Starting ProtocolHandler ["http-nio-0.0.0.0-8084"]
2026-03-24 19:53:46 [restartedMain] INFO  o.s.b.w.e.tomcat.TomcatWebServer - Tomcat started on port 8084 (http) with context path '/'
2026-03-24 19:53:46 [restartedMain] INFO  c.c.CarrefourconnectApplication - Started CarrefourconnectApplication in 9.918 seconds (process running for 10.516)
2026-03-24 19:53:46 [restartedMain] INFO  c.c.config.DataInitializer - Vérification et initialisation des rôles...
2026-03-24 19:53:46 [restartedMain] INFO  c.c.config.DataInitializer - Initialisation des rôles terminée.
2026-03-24 20:04:44 [http-nio-0.0.0.0-8084-exec-1] INFO  o.a.c.c.C.[Tomcat].[localhost].[/] - Initializing Spring DispatcherServlet 'dispatcherServlet'
2026-03-24 20:04:44 [http-nio-0.0.0.0-8084-exec-1] INFO  o.s.web.servlet.DispatcherServlet - Initializing Servlet 'dispatcherServlet'
2026-03-24 20:04:44 [http-nio-0.0.0.0-8084-exec-1] INFO  o.s.web.servlet.DispatcherServlet - Completed initialization in 5 ms
2026-03-24 20:04:45 [http-nio-0.0.0.0-8084-exec-4] INFO  c.c.controllers.CategorieController - Requête pour lister toutes les catégories
2026-03-24 20:04:45 [http-nio-0.0.0.0-8084-exec-4] DEBUG c.c.s.i.CategorieServiceImpl - Récupération de toutes les catégories
2026-03-24 20:04:45 [http-nio-0.0.0.0-8084-exec-3] INFO  c.c.controllers.CommerceController - Requête de recherche multicritères
2026-03-24 20:04:45 [http-nio-0.0.0.0-8084-exec-3] INFO  c.c.s.i.CommerceServiceImpl - Recherche avancée: nom=null, ville=null, proximité=10.0km
2026-03-24 20:04:50 [http-nio-0.0.0.0-8084-exec-8] INFO  c.c.controllers.CategorieController - Requête pour lister toutes les catégories
2026-03-24 20:04:50 [http-nio-0.0.0.0-8084-exec-7] INFO  c.c.controllers.CommerceController - Requête de recherche multicritères
2026-03-24 20:04:50 [http-nio-0.0.0.0-8084-exec-8] DEBUG c.c.s.i.CategorieServiceImpl - Récupération de toutes les catégories
2026-03-24 20:04:50 [http-nio-0.0.0.0-8084-exec-7] INFO  c.c.s.i.CommerceServiceImpl - Recherche avancée: nom=null, ville=null, proximité=10.0km
2026-03-24 20:04:51 [http-nio-0.0.0.0-8084-exec-9] INFO  c.c.controllers.CategorieController - Requête pour lister toutes les catégories
2026-03-24 20:04:51 [http-nio-0.0.0.0-8084-exec-10] INFO  c.c.controllers.CommerceController - Requête de recherche multicritères
2026-03-24 20:04:51 [http-nio-0.0.0.0-8084-exec-9] DEBUG c.c.s.i.CategorieServiceImpl - Récupération de toutes les catégories
2026-03-24 20:04:51 [http-nio-0.0.0.0-8084-exec-10] INFO  c.c.s.i.CommerceServiceImpl - Recherche avancée: nom=null, ville=null, proximité=10.0km
2026-03-24 20:05:00 [http-nio-0.0.0.0-8084-exec-2] INFO  c.c.controllers.CategorieController - Requête pour lister toutes les catégories
2026-03-24 20:05:00 [http-nio-0.0.0.0-8084-exec-1] INFO  c.c.controllers.CommerceController - Requête de recherche multicritères
2026-03-24 20:05:00 [http-nio-0.0.0.0-8084-exec-2] DEBUG c.c.s.i.CategorieServiceImpl - Récupération de toutes les catégories
2026-03-24 20:05:00 [http-nio-0.0.0.0-8084-exec-1] INFO  c.c.s.i.CommerceServiceImpl - Recherche avancée: nom=null, ville=null, proximité=10.0km
2026-03-24 20:05:09 [http-nio-0.0.0.0-8084-exec-6] INFO  c.c.controllers.CategorieController - Requête pour lister toutes les catégories
2026-03-24 20:05:09 [http-nio-0.0.0.0-8084-exec-6] DEBUG c.c.s.i.CategorieServiceImpl - Récupération de toutes les catégories
2026-03-24 20:05:09 [http-nio-0.0.0.0-8084-exec-5] INFO  c.c.controllers.CommerceController - Requête de recherche multicritères
2026-03-24 20:05:09 [http-nio-0.0.0.0-8084-exec-5] INFO  c.c.s.i.CommerceServiceImpl - Recherche avancée: nom=null, ville=null, proximité=10.0km
2026-03-24 20:05:21 [http-nio-0.0.0.0-8084-exec-10] ERROR c.c.security.AuthEntryPointJwt - Erreur d'accès non autorisé : Full authentication is required to access this resource
2026-03-24 20:05:25 [http-nio-0.0.0.0-8084-exec-1] INFO  c.c.controllers.CategorieController - Requête pour lister toutes les catégories
2026-03-24 20:05:25 [http-nio-0.0.0.0-8084-exec-1] DEBUG c.c.s.i.CategorieServiceImpl - Récupération de toutes les catégories
2026-03-24 20:08:37 [http-nio-0.0.0.0-8084-exec-5] ERROR c.c.security.AuthEntryPointJwt - Erreur d'accès non autorisé : Full authentication is required to access this resource
